Year,StateAbbr,StateDesc,CityName,AsthmaPct,PopulationCount,Lat,Lng,SmokingPct,Access,Obesity,PhysicalAct,CO2ndMax8hr,NO2Mean1hr,Ozone4thMax8hr,SO2Mean1hr,PM25WeightedMean24hr,PM10Mean24hr,DayswithAQI,GoodDays,ModerateDays,UnhealthyforSensitiveGroupsDays,UnhealthyDays,VeryUnhealthyDays,HazardousDays,MaxAQI,90thPercentileAQI,MedianAQI,DaysCO,DaysNO2,DaysOzone,DaysSO2,DaysPM25,DaysPM10,RenterOccupiedPct,UnempRatePct,CashPublicAssistPct,SNAPPct,NoHealthInsCovPct,BelowPovLevelPct
2016,AL,Alabama,Birmingham,10.5,212237,33.5275663773,-86.7988174678,22.6,19.5,42.6,35.8,1.5,14.0,0.073,2.0,10.8,24.0,366,191,164,10,1,0,0,151,77,49,0,16,149,1,197,3,54.1,11.8,2.7,25.2,14.9,29.4
2016,AL,Alabama,Hoover,7.9,81619,33.3767602729,-86.8051937568,13.9,10.6,28.9,20.2,1.5,14.0,0.073,2.0,10.8,24.0,366,191,164,10,1,0,0,151,77,49,0,16,149,1,197,3,32.1,4.1,0.3,3.6,6.3,6.1
2016,AL,Alabama,Huntsville,9.5,180105,34.6989692671,-86.6387042882,18.9,15.4,33.3,25.9,,,0.066,,7.8,20.0,337,284,52,1,0,0,0,122,55,40,0,0,235,0,45,57,43.3,8.1,2.4,13.1,12.4,17.5
2016,AL,Alabama,Mobile,9.9,195111,30.6776248648,-88.1184482714,20.7,17.4,39.7,29.3,,,0.063,1.0,8.1,,366,277,87,2,0,0,0,139,58,41,0,0,138,9,219,0,46.3,9.4,1.7,20.5,13.5,23.1
2016,AL,Alabama,Montgomery,10.3,205764,32.3472645333,-86.2677059552,21.1,18.0,36.9,30.0,,,0.063,,8.7,,363,285,76,1,1,0,0,170,58,42,0,0,175,0,188,0,44.3,8.8,2,20.9,12.8,22.6
2016,AL,Alabama,Tuscaloosa,9.7,90468,33.2336083951,-87.5268004073,22.1,16.8,36.9,30.2,,,0.061,,,,365,224,141,0,0,0,0,100,59,47,0,0,93,0,272,0,54.7,8.1,6.1,12,10.5,23.9
2016,AK,Alaska,Anchorage,9.1,291826,61.149868731,-149.111113424,17.2,12.6,27.5,18.2,3.0,,0.044,,6.5,28.0,366,251,111,4,0,0,0,128,69,38,0,0,130,0,147,89,,,,,,
2016,AZ,Arizona,Avondale,9.9,76238,33.3858367405,-112.323626619,17.0,18.8,30.3,26.6,,,,,,,,,,,,,,,,,,,,,,,45.4,6.9,2.2,16.2,15.1,17.6
2016,AZ,Arizona,Chandler,9.3,236123,33.28318981,-111.852210033,14.1,11.0,24.8,19.0,,,,,,,,,,,,,,,,,,,,,,,39.3,5,1.5,6.9,8.9,9.3
2016,AZ,Arizona,Gilbert,9.1,208453,33.310149392,-111.746237467,13.6,8.9,23.9,17.0,,,,,,,,,,,,,,,,,,,,,,,,5.4,1.1,4.8,7,6.2
2016,AZ,Arizona,Glendale,10.3,226721,33.5796123089,-112.225306421,18.6,17.7,30.0,26.2,,,,,,,,,,,,,,,,,,,,,,,45.9,7.2,2.5,19,15.7,21.5
2016,AZ,Arizona,Mesa,10.1,439041,33.4022837359,-111.718721181,17.8,14.7,28.5,23.2,2.4,31.0,0.075,1.0,14.0,83.0,366,26,265,67,5,2,0,1263,115,74,0,13,107,0,79,167,40.7,6.9,2.4,11.1,14.7,16.2
2016,AZ,Arizona,Peoria,9.7,154065,33.7847206422,-112.298680584,15.9,11.5,26.0,20.0,,,,,,,,,,,,,,,,,,,,,,,29.2,6.4,1.6,7.6,9.3,8.7
2016,AZ,Arizona,Phoenix,10.2,1445632,33.5724138695,-112.088995222,18.0,18.9,30.1,26.2,2.4,31.0,0.075,1.0,14.0,83.0,366,26,265,67,5,2,0,1263,115,74,0,13,107,0,79,167,47.0,7.7,2.2,16.5,18.3,22.3
2016,AZ,Arizona,Scottsdale,9.1,217385,33.6872493651,-111.865085877,12.6,8.1,23.4,15.6,2.4,31.0,0.075,1.0,14.0,83.0,366,26,265,67,5,2,0,1263,115,74,0,13,107,0,79,167,34.6,4.9,0.9,3.6,6.9,9.2
2016,AZ,Arizona,Surprise,9.7,117517,33.6803835177,-112.452218439,16.4,12.1,26.7,20.3,,,,,,,,,,,,,,,,,,,,,,,22.2,7.8,2.2,7.2,7.2,10.2
2016,AZ,Arizona,Tempe,9.6,161719,33.3882640307,-111.931802302,15.7,12.0,27.3,20.7,,,,,,,,,,,,,,,,,,,,,,,57.4,6,2.2,9.4,13.3,21.6
2016,AZ,Arizona,Tucson,10.8,520116,32.1567244483,-110.877085494,19.1,18.1,30.1,26.1,1.2,8.0,0.069,0.0,6.4,45.0,366,201,161,4,0,0,0,119,74,49,0,0,245,0,14,107,49.5,10.1,2.9,19.5,15,25.1
2016,AZ,Arizona,Yuma,9.9,93064,32.5986027117,-114.54836837,18.0,21.6,36.4,27.8,,,0.067,,8.3,48.0,366,228,124,12,1,0,1,419,77,46,0,0,213,0,43,110,39.6,11.7,1.8,17.7,16.3,18.4
2016,AR,Arkansas,Fayetteville,8.8,73580,36.0712117312,-94.1659600436,20.3,9.9,32.9,26.8,,,0.058,,8.1,,366,338,28,0,0,0,0,77,49,38,0,0,326,0,40,0,65.4,5.2,1.5,6.3,10.1,24.9
2016,AR,Arkansas,Fort Smith,10.2,86209,35.3491692636,-94.3696317306,25.7,16.2,35.5,35.0,,5.0,0.058,,8.3,,361,331,30,0,0,0,0,74,49,37,0,58,233,0,66,4,49.2,5.5,2.8,18.8,16,26.1
2016,AR,Arkansas,Jonesboro,9.3,67263,35.8208121538,-90.6794991686,21.9,11.6,36.5,29.8,,,,,,,,,,,,,,,,,,,,,,,49.0,6.5,1.8,16.6,13.6,21.6
2016,AR,Arkansas,Little Rock,9.3,193524,34.7253957894,-92.3583751863,19.7,12.0,34.3,28.9,0.8,8.0,0.065,1.0,10.7,20.0,366,257,109,0,0,0,0,100,60,44,0,6,166,0,194,0,46.3,6.5,2.3,12.1,12.5,18.5
2016,AR,Arkansas,Springdale,9.4,69797,36.1869932598,-94.1536274531,23.9,18.8,36.0,34.8,,,0.058,,8.1,,366,338,28,0,0,0,0,77,49,38,0,0,326,0,40,0,53.2,5.6,2.4,14.7,19.2,20.6
2016,CA,California,Alameda,8.3,73812,37.7650849031,-122.266489842,11.8,7.7,18.1,15.7,,,,,,,,,,,,,,,,,,,,,,,48.5,6.4,2.5,5.1,7.3,9.5
2016,CA,California,Alhambra,6.8,83089,34.0839734383,-118.135514119,11.2,13.4,18.4,22.4,,,,,,,,,,,,,,,,,,,,,,,60.4,6,2.5,5,13.1,15.4
2016,CA,California,Anaheim,8.4,336265,33.8389076996,-117.857613481,13.9,16.9,24.2,22.2,3.6,24.0,0.1,1.0,14.7,34.0,366,32,226,83,21,4,0,210,134,75,0,30,181,0,153,2,58.5,8.1,3,11.7,17.4,16.2
2016,CA,California,Antioch,9.2,102372,37.9777042922,-121.796606971,15.3,12.8,29.8,22.0,,,,,,,,,,,,,,,,,,,,,,,38.5,9.7,6.5,13.4,9.3,14.3
2016,CA,California,Apple Valley,10.1,69135,34.5315984948,-117.211012664,17.6,13.6,28.4,22.6,,,,,,,,,,,,,,,,,,,,,,,,12.9,7.1,19.2,9.1,19.8
2016,CA,California,Bakersfield,9.4,347483,35.3513302855,-119.029786003,16.8,16.3,29.6,24.6,0.9,12.0,0.088,,16.0,47.0,366,70,180,102,14,0,0,169,136,80,0,0,231,0,128,7,42.7,10.2,5.3,14.6,12.1,19.7
2016,CA,California,Baldwin Park,7.8,75390,34.082871519,-117.972100918,13.2,22.5,26.6,26.7,,,,,,,,,,,,,,,,,,,,,,,41.6,8.8,5,11.7,19.3,16.1
2016,CA,California,Bellflower,8.5,76616,33.8880417923,-118.127100236,14.0,16.7,26.9,23.0,,,,,,,,,,,,,,,,,,,,,,,61.1,8.3,3.9,12.8,15.4,17
2016,CA,California,Berkeley,8.7,112580,37.8725678765,-122.274907975,11.4,7.1,20.6,14.5,,,,,,,,,,,,,,,,,,,,,,,58.5,7.3,1.7,4.1,5.6,19.9
2016,CA,California,Buena Park,8.0,80530,33.8572126844,-118.004517591,13.3,14.2,21.9,21.1,,,,,,,,,,,,,,,,,,,,,,,43.6,5.7,4.1,8.8,14.4,14.1
2016,CA,California,Burbank,8.1,103340,34.1879799605,-118.323429032,12.3,9.6,22.3,16.4,,,,,,,,,,,,,,,,,,,,,,,58.6,8.4,2.9,4,11.5,11.5
2016,CA,California,Carlsbad,7.8,105328,33.1248051026,-117.282903303,10.6,6.5,18.0,12.7,1.5,17.0,0.084,,8.7,31.0,366,69,255,40,2,0,0,164,105,66,0,4,224,0,138,0,34.0,6.1,0.9,2.2,7.3,7.9
2016,CA,California,Carson,8.0,91714,33.8374083001,-118.255936422,12.2,14.4,24.2,21.1,,,,,,,,,,,,,,,,,,,,,,,26.2,10.8,3.6,7,12.4,11.3
2016,CA,California,Chico,9.5,86187,39.7568503668,-121.815983972,16.1,9.4,26.1,18.8,1.3,6.0,0.077,,7.7,20.0,366,169,181,16,0,0,0,127,86,52,0,0,199,0,167,0,56.9,9.3,3.5,10.3,11.3,25.2
2016,CA,California,Chino,8.7,77983,33.983588126,-117.665296584,13.5,14.9,25.4,21.2,,,,,,,,,,,,,,,,,,,,,,,42.4,9,3,8,13.1,12.2
2016,CA,California,Chino Hills,7.6,74799,33.950774546,-117.725326968,10.1,8.9,19.5,16.4,,,,,,,,,,,,,,,,,,,,,,,22.2,7,1.3,2.3,8.3,6.7
2016,CA,California,Chula Vista,7.9,243916,32.6282964262,-117.010042407,12.3,15.3,21.9,21.0,,,,,,,,,,,,,,,,,,,,,,,43.6,9.7,2.8,9.1,11.9,12.2
2016,CA,California,Citrus Heights,10.1,83301,38.6947788342,-121.287991502,16.6,10.1,28.2,19.7,,,,,,,,,,,,,,,,,,,,,,,42.5,10,4.7,10.5,11.8,14.5
2016,CA,California,Clovis,9.0,95631,36.8289400179,-119.68665285,14.0,10.5,29.2,18.7,,,,,,,,,,,,,,,,,,,,,,,40.9,8.3,4.2,10.4,8.4,13.2
2016,CA,California,Compton,10.2,96455,33.892965693,-118.227506568,17.0,24.0,34.8,29.6,,,,,,,,,,,,,,,,,,,,,,,46.6,13.9,11,20.3,19.4,25.5
2016,CA,California,Concord,8.6,122067,37.9721810307,-122.001588036,13.9,11.9,27.1,19.5,,,,,,,,,,,,,,,,,,,,,,,44.2,8,3.3,7.4,11.7,12.2
2016,CA,California,Corona,8.2,152374,33.8623571787,-117.564224471,13.7,13.7,26.9,21.9,,,,,,,,,,,,,,,,,,,,,,,36.2,7.8,2,8.2,13.9,11.7
2016,CA,California,Costa Mesa,8.4,109960,33.6667651353,-117.91350475,13.3,12.2,23.2,18.0,,,,,,,,,,,,,,,,,,,,,,,63.2,6.5,1.9,4.9,16.4,13.5
2016,CA,California,Daly City,7.0,101123,37.6861552276,-122.468298024,10.9,10.7,18.6,19.8,,,,,,,,,,,,,,,,,,,,,,,44.0,7.4,2,5.3,9.6,8.9
2016,CA,California,Downey,7.9,111772,33.937867256,-118.131150116,12.0,17.6,25.8,21.4,,,,,,,,,,,,,,,,,,,,,,,54.6,6.8,4,8,16.4,11
2016,CA,California,El Cajon,9.5,99478,32.8016581921,-116.960483614,18.2,14.1,24.9,22.7,,,,,,,,,,,,,,,,,,,,,,,61.7,12.5,10.1,22,14.1,24.1
2016,CA,California,Elk Grove,8.9,153015,38.4159992006,-121.384137762,12.6,9.2,23.8,18.5,,,,,,,,,,,,,,,,,,,,,,,26.4,8.5,3.6,5.9,6,9.7
2016,CA,California,El Monte,8.1,113475,34.073919653,-118.029071951,15.3,24.2,26.2,30.4,,,,,,,,,,,,,,,,,,,,,,,60.0,9.2,5.9,16.3,23,23.8
2016,CA,California,Escondido,8.8,143911,33.1346952955,-117.072122618,15.7,17.1,23.8,22.6,,,,,,,,,,,,,,,,,,,,,,,51.3,7.2,2.9,9.9,19.6,17.7
2016,CA,California,Fairfield,9.4,105321,38.2558446343,-122.039303253,15.2,12.5,25.4,22.3,1.8,7.0,0.067,1.0,8.5,11.0,366,278,86,2,0,0,0,105,62,40,0,3,208,0,155,0,44.5,10.7,3.6,10.5,9.1,12.1
2016,CA,California,Folsom,8.5,72203,38.6750494328,-121.147605753,11.7,7.7,23.1,14.4,,,,,,,,,,,,,,,,,,,,,,,29.4,5.6,1.6,2.3,3.9,4.7
2016,CA,California,Fontana,9.2,196069,34.0974227833,-117.459241285,14.5,18.9,28.5,25.1,,,,,,,,,,,,,,,,,,,,,,,35.5,10.2,4.5,13.9,17.8,15.1
2016,CA,California,Fremont,7.2,214089,37.5278685405,-121.984121512,10.0,7.7,15.3,15.6,,,,,,,,,,,,,,,,,,,,,,,41.6,5.3,3.4,3.3,5.1,5.3
2016,CA,California,Fresno,9.7,494665,36.7826786711,-119.794126569,17.0,18.5,34.7,27.0,1.7,21.0,0.093,0.0,13.6,38.0,366,92,169,80,25,0,0,190,140,74,0,1,217,0,136,12,53.5,12.7,9.8,23.5,14,30
2016,CA,California,Fullerton,8.0,135161,33.8840378013,-117.927850895,12.4,12.3,21.5,18.6,,,,,,,,,,,,,,,,,,,,,,,48.9,8.6,2.1,6.9,14,15.3
2016,CA,California,Garden Grove,7.9,170883,33.7786940635,-117.960111162,14.3,15.8,21.0,23.8,,,,,,,,,,,,,,,,,,,,,,,48.9,7.6,2.7,12,14.5,16.2
2016,CA,California,Glendale,8.4,191719,34.181889373,-118.24676666,13.6,10.1,22.3,18.0,,,,,,,,,,,,,,,,,,,,,,,66.5,9.2,5.5,8.5,13,14.7
2016,CA,California,Hawthorne,9.2,84293,33.914667701,-118.347667728,14.7,18.1,29.9,24.5,,,,,,,,,,,,,,,,,,,,,,,73.2,9.8,4.8,12.2,19.3,19.2
2016,CA,California,Hayward,8.8,144186,37.6329591551,-122.077051051,14.4,14.3,22.9,21.5,2.0,17.0,0.082,2.0,8.7,16.0,366,216,135,13,2,0,0,154,74,47,0,10,168,0,188,0,49.2,8,5.7,12.8,11.5,12.5
2016,CA,California,Hemet,9.7,78657,33.7352277311,-116.994605005,18.8,16.7,31.7,27.2,,,,,,,,,,,,,,,,,,,,,,,45.2,19,6.4,18.3,14.4,24.4
2016,CA,California,Hesperia,10.1,90173,34.3973476773,-117.314392219,18.2,17.6,30.0,26.0,,,,,,,,,,,,,,,,,,,,,,,38.5,13.6,6.1,21.6,14.5,24.8
2016,CA,California,Huntington Beach,8.2,189992,33.6952749077,-118.001810806,12.2,8.5,20.8,14.9,,,,,,,,,,,,,,,,,,,,,,,40.3,6,1.6,4.5,8.9,9
2016,CA,California,Indio,8.7,76036,33.7298067837,-116.237258141,15.5,21.1,31.3,27.4,,,,,,,,,,,,,,,,,,,,,,,31.4,11.8,3.6,10.2,18.1,18.9
2016,CA,California,Inglewood,9.8,109673,33.9565748018,-118.344444926,15.0,19.0,32.9,25.0,,,,,,,,,,,,,,,,,,,,,,,63.7,13.3,5.5,14.1,19,20.7
2016,CA,California,Irvine,7.2,212375,33.6780108904,-117.773633283,9.2,6.5,16.7,13.9,,,,,,,,,,,,,,,,,,,,,,,51.3,6.2,1.9,2.3,6.1,12.7
2016,CA,California,Lake Forest,7.9,77264,33.6634128948,-117.670683341,11.0,8.7,20.3,14.9,,,,,,,,,,,,,,,,,,,,,,,31.5,5.2,1.7,3,8.8,7.6
2016,CA,California,Lakewood,7.9,80048,33.8470531941,-118.122204765,12.2,10.9,22.5,17.6,,,,,,,,,,,,,,,,,,,,,,,27.2,6.3,2.4,4.8,9.2,7.5
2016,CA,California,Lancaster,9.3,156633,34.6934347017,-118.175306356,16.6,15.8,29.4,23.6,,,,,,,,,,,,,,,,,,,,,,,51.9,9.6,4.5,9.6,11.9,24.2
2016,CA,California,Livermore,8.7,80968,37.6865101361,-121.764357841,13.1,8.6,20.6,15.1,,,,,,,,,,,,,,,,,,,,,,,28.8,4.6,2,3.7,6.2,5.4
2016,CA,California,Long Beach,8.6,462257,33.8060144825,-118.160894146,13.9,15.3,26.0,21.6,3.6,24.0,0.1,1.0,14.7,34.0,366,32,226,83,21,4,0,210,134,75,0,30,181,0,153,2,62.3,9.4,5,11.8,14.5,20.3
2016,CA,California,Los Angeles,8.5,3792621,34.1182277898,-118.408500088,13.8,17.1,26.4,22.7,3.6,24.0,0.1,1.0,14.7,34.0,366,32,226,83,21,4,0,210,134,75,0,30,181,0,153,2,64.1,9.2,4.2,9.8,18.3,21.5
2016,CA,California,Lynwood,9.4,69772,33.9239616867,-118.201648375,16.2,27.6,33.1,31.3,,,,,,,,,,,,,,,,,,,,,,,59.8,10.2,7.6,20.6,23.5,24.3
2016,CA,California,Manteca,9.3,67096,37.7961925102,-121.231230612,15.7,13.8,29.9,23.1,,,,,,,,,,,,,,,,,,,,,,,42.3,11.9,4.3,10.7,8.8,11.6
2016,CA,California,Menifee,8.7,77519,33.6909533045,-117.18487699,15.3,12.6,27.7,21.6,,,,,,,,,,,,,,,,,,,,,,,26.5,11.3,2.6,7.3,9.9,11.5
2016,CA,California,Merced,9.7,78958,37.3055863217,-120.477710571,17.8,19.1,29.6,29.2,,7.0,0.082,,11.9,28.0,366,158,173,33,2,0,0,151,100,53,0,0,225,0,138,3,64.1,17.2,11.9,26.9,11.5,30.6
2016,CA,California,Milpitas,6.7,66790,37.433869763,-121.892083025,9.6,9.3,15.7,20.6,,,,,,,,,,,,,,,,,,,,,,,37.4,7.3,2.9,4.8,6.6,8.6
2016,CA,California,Mission Viejo,8.0,93305,33.6095976891,-117.655029608,11.0,7.5,19.9,13.3,,,,,,,,,,,,,,,,,,,,,,,25.9,6,1.3,1.4,6.1,4.7
2016,CA,California,Modesto,9.4,201165,37.6615478221,-120.988548061,16.1,14.6,31.6,25.0,1.4,9.0,0.085,,12.6,29.0,366,147,176,40,3,0,0,164,103,55,0,1,202,0,159,4,45.2,13.6,5.7,16.1,11.2,18.2
2016,CA,California,Moreno Valley,9.1,193365,33.9244314112,-117.204501895,15.9,17.9,31.6,27.0,,,,,,,,,,,,,,,,,,,,,,,43.5,12.3,5.4,14.9,17.8,18.6
2016,CA,California,Mountain View,7.4,74066,37.3999252379,-122.079544343,8.9,7.5,18.9,16.0,,,,,,,,,,,,,,,,,,,,,,,59.6,4.7,0.8,3.1,7.5,8.7
2016,CA,California,Murrieta,8.3,103466,33.5719743356,-117.190921143,13.6,9.9,25.5,18.9,,,,,,,,,,,,,,,,,,,,,,,32.6,10.9,2.7,5.9,10.2,9.3
2016,CA,California,Napa,8.9,76915,38.2980424649,-122.301093331,14.7,12.7,24.0,19.5,1.3,7.0,0.058,,8.5,,366,296,70,0,0,0,0,90,56,37,0,2,166,0,197,1,43.1,6.4,1.7,5.2,10.5,8.7
2016,CA,California,Newport Beach,7.8,85186,33.6150103607,-117.867364631,9.4,5.3,18.8,11.1,,,,,,,,,,,,,,,,,,,,,,,42.4,5.4,0.8,1.5,5.8,6.6
2016,CA,California,Norwalk,7.9,105549,33.9068808228,-118.082915204,12.9,19.0,26.1,23.6,,,,,,,,,,,,,,,,,,,,,,,37.3,8,4.6,10,16.8,14.8
2016,CA,California,Oakland,9.7,390724,37.790878035,-122.214859257,15.1,13.3,25.0,21.7,2.0,17.0,0.082,2.0,8.7,16.0,366,216,135,13,2,0,0,154,74,47,0,10,168,0,188,0,61.7,9.3,5.1,11.6,12.3,20
2016,CA,California,Oceanside,8.5,167086,33.2247457474,-117.308200285,14.2,12.6,22.2,19.0,,,,,,,,,,,,,,,,,,,,,,,48.9,7.3,2.4,5.8,12.3,13.7
2016,CA,California,Ontario,9.3,163924,34.0392649464,-117.606427103,15.0,19.8,28.8,25.5,1.6,31.0,0.116,1.0,16.2,58.0,366,16,189,92,53,14,2,389,178,90,0,26,195,0,105,40,45.3,9.3,5.8,13.5,16.9,17
2016,CA,California,Orange,8.2,136416,33.8046419567,-117.8231855,13.0,12.4,22.6,18.1,,,,,,,,,,,,,,,,,,,,,,,45.4,7.3,1.9,5.8,13.2,12.8
2016,CA,California,Oxnard,8.7,197899,34.1959237731,-119.18187657,14.8,21.8,28.8,28.0,,8.0,0.077,,9.6,25.0,366,173,184,9,0,0,0,147,84,51,0,0,232,0,127,7,47.2,8.4,3.4,14.2,20.5,16.3
2016,CA,California,Palmdale,9.2,152750,34.5944899803,-118.105772328,15.7,18.9,29.3,24.9,,,,,,,,,,,,,,,,,,,,,,,38.5,11.6,6.5,15.3,14.1,20.6
2016,CA,California,Pasadena,7.9,137122,34.1597634806,-118.138921644,11.0,11.2,23.0,17.2,,,,,,,,,,,,,,,,,,,,,,,58.7,7.1,3,5,11.8,15.8
2016,CA,California,Perris,9.2,68386,33.7897346094,-117.223291831,16.6,22.4,33.6,30.8,,,,,,,,,,,,,,,,,,,,,,,38.3,14.2,4.8,18.7,19.6,23.6
2016,CA,California,Pleasanton,7.9,70285,37.6656092171,-121.880775002,10.0,6.0,17.0,12.6,,,,,,,,,,,,,,,,,,,,,,,29.7,4.3,0.7,0.9,3.6,4.1
2016,CA,California,Pomona,8.5,149058,34.0585026366,-117.762551658,14.4,21.4,28.7,26.1,,,,,,,,,,,,,,,,,,,,,,,50.7,11,5,15.2,19.5,21.5
2016,CA,California,Rancho Cucamonga,8.6,165269,34.1245895555,-117.56617587,12.3,10.5,23.8,17.5,,,,,,,,,,,,,,,,,,,,,,,42.1,8.9,1.7,6.7,9.2,8.8
2016,CA,California,Redding,9.6,89861,40.5697591271,-122.365026322,17.9,9.2,26.0,20.0,,,0.076,,5.2,16.0,366,298,54,14,0,0,0,140,74,41,0,0,363,0,3,0,44.1,8.1,2.7,10.6,11.1,18.1
2016,CA,California,Redlands,9.0,68747,34.0511315317,-117.170935294,13.3,10.9,24.3,18.1,,,,,,,,,,,,,,,,,,,,,,,46.8,7.1,3.1,9.5,9,14.1
2016,CA,California,Redondo Beach,7.4,66748,33.8575280159,-118.376567893,9.3,6.2,19.3,12.0,,,,,,,,,,,,,,,,,,,,,,,46.3,5.8,1.8,1.9,5.8,5
2016,CA,California,Redwood City,8.2,76815,37.5009145276,-122.224767617,11.9,12.1,24.5,17.4,,,,,,,,,,,,,,,,,,,,,,,53.9,4.1,1.4,4.1,9.7,9.1
2016,CA,California,Rialto,9.9,99171,34.1128158089,-117.388535978,15.9,20.7,31.0,27.0,,,,,,,,,,,,,,,,,,,,,,,36.9,13.8,7.1,23.2,17.5,18.8
2016,CA,California,Richmond,9.4,103701,37.9479710365,-122.336803759,15.2,15.9,31.6,24.6,,,,,,,,,,,,,,,,,,,,,,,48.6,9.3,3.9,11.3,14.8,16.6
2016,CA,California,Riverside,8.7,303871,33.9381251685,-117.394845824,15.2,16.0,29.2,24.4,1.6,31.0,0.116,1.0,16.2,58.0,366,16,189,92,53,14,2,389,178,90,0,26,195,0,105,40,47.9,11,4.1,11.4,15,17.8
2016,CA,California,Roseville,8.5,118788,38.7657516182,-121.302847708,12.6,7.8,21.2,15.9,1.7,13.0,0.093,3.0,8.7,19.0,366,128,177,45,16,0,0,185,115,59,0,0,248,0,118,0,35.0,6.5,2.2,4.9,6.9,8.6
2016,CA,California,Sacramento,9.8,466488,38.5666321567,-121.468299801,15.5,13.2,28.6,23.2,1.7,13.0,0.093,3.0,8.7,19.0,366,128,177,45,16,0,0,185,115,59,0,0,248,0,118,0,52.4,10.5,6,13.9,11.3,21.4
2016,CA,California,Salinas,9.1,150441,36.6889174321,-121.631811961,16.2,24.2,31.4,29.2,0.9,4.0,0.058,,6.8,25.0,366,325,30,3,8,0,0,176,52,36,0,0,262,0,63,41,57.4,7.3,2.7,9.6,18.2,18.9
2016,CA,California,San Bernardino,10.6,209924,34.1392322844,-117.295272732,18.9,22.5,33.1,30.7,1.6,31.0,0.116,1.0,16.2,58.0,366,16,189,92,53,14,2,389,178,90,0,26,195,0,105,40,55.5,14.1,9.6,29,18.6,32.3
2016,CA,California,San Buenaventura (Ventura),8.5,106433,34.2743610206,-119.231436551,13.2,10.8,24.5,18.3,,,,,,,,,,,,,,,,,,,,,,,43.3,7,2,7,10.5,10.7
2016,CA,California,San Diego,8.0,1307402,32.8355639418,-117.119792061,12.4,11.1,20.4,17.9,1.5,17.0,0.084,,8.7,31.0,366,69,255,40,2,0,0,164,105,66,0,4,224,0,138,0,54.3,7.7,2.4,6.4,12.2,15
2016,CA,California,San Francisco,7.8,805235,37.7559136611,-122.440987876,11.5,8.7,17.2,17.9,2.0,17.0,0.082,2.0,8.7,16.0,366,216,135,13,2,0,0,154,74,47,0,10,168,0,188,0,62.1,6.2,2.5,5.2,6.9,12.5
2016,CA,California,San Jose,7.7,945942,37.3003963176,-121.847228423,11.3,12.0,20.6,21.7,1.6,16.0,0.072,0.0,9.1,17.0,366,250,110,6,0,0,0,126,68,44,0,6,237,0,123,0,43.1,7.4,2.7,7,9.2,10.9
2016,CA,California,San Leandro,8.7,84950,37.7074299262,-122.159061655,14.1,12.2,21.1,20.5,,,,,,,,,,,,,,,,,,,,,,,42.9,6.8,2.4,7.6,9.9,10.3
2016,CA,California,San Marcos,8.3,83781,33.134965986,-117.174363098,13.4,12.4,21.3,18.8,,,,,,,,,,,,,,,,,,,,,,,36.3,6.4,2.1,4.9,12.8,14.8
2016,CA,California,San Mateo,8.0,97207,37.5518226893,-122.312390346,11.4,10.1,22.6,16.6,,,,,,,,,,,,,,,,,,,,,,,45.2,5.3,2,4.7,7.3,7.9
2016,CA,California,San Ramon,7.2,72148,37.7623705462,-121.938150371,8.5,5.4,19.3,13.0,,,,,,,,,,,,,,,,,,,,,,,28.5,3.9,1,1.1,3.1,3.9
2016,CA,California,Santa Ana,8.8,324528,33.7366948419,-117.881890237,15.7,25.1,27.9,28.8,,,,,,,,,,,,,,,,,,,,,,,55.4,7.1,4.8,17.1,24.2,21.2
2016,CA,California,Santa Barbara,8.4,88410,34.4285733874,-119.720187334,12.2,11.7,24.6,17.6,5.7,8.0,0.064,1.0,7.0,24.0,366,261,93,9,2,0,1,315,67,44,0,0,259,0,72,35,59.4,5.4,1.3,3.8,14.8,13.9
2016,CA,California,Santa Clara,7.4,116468,37.3646197504,-121.967932117,9.5,8.0,18.3,17.7,1.6,16.0,0.072,0.0,9.1,17.0,366,250,110,6,0,0,0,126,68,44,0,6,237,0,123,0,56.0,5.2,1.6,3,6.7,8.2
2016,CA,California,Santa Clarita,8.0,176320,34.4119039185,-118.503504698,12.1,10.5,22.6,16.2,,,,,,,,,,,,,,,,,,,,,,,31.1,8.1,1.6,4.7,10.4,9.2
2016,CA,California,Santa Maria,9.5,99553,34.9333735757,-120.443326954,16.9,24.1,30.2,29.0,5.7,8.0,0.064,1.0,7.0,24.0,366,261,93,9,2,0,1,315,67,44,0,0,259,0,72,35,52.3,6.8,3.8,15,22.5,20.6
2016,CA,California,Santa Monica,7.7,89736,34.0231891612,-118.481563937,9.5,6.3,20.4,12.6,,,,,,,,,,,,,,,,,,,,,,,72.3,8.3,1.5,2.2,7.6,11.3
2016,CA,California,Santa Rosa,9.2,167815,38.4464423102,-122.706005935,14.6,11.8,24.3,19.4,1.0,4.0,0.055,,4.6,13.0,366,348,18,0,0,0,0,87,44,32,0,0,298,0,64,4,43.7,7.1,2.9,9.1,10.8,12.2
2016,CA,California,Simi Valley,8.3,124237,34.2662462857,-118.748980462,12.8,9.2,22.6,17.3,,,,,,,,,,,,,,,,,,,,,,,28.7,6.2,1.7,3.9,8.3,6
2016,CA,California,South Gate,8.6,94396,33.9447322664,-118.192550525,14.5,27.5,31.0,29.5,,,,,,,,,,,,,,,,,,,,,,,57.6,11.7,5.6,16.8,22.4,20.3
2016,CA,California,Stockton,9.4,291707,37.9766322679,-121.311121669,16.3,17.6,31.1,28.3,1.2,12.0,0.08,,13.6,25.0,366,138,202,25,1,0,0,166,93,55,0,2,144,0,217,3,53.9,13.8,8,20,12.7,23.7
2016,CA,California,Sunnyvale,7.0,140081,37.3834416566,-122.025624324,8.6,7.7,17.2,16.6,1.6,16.0,0.072,0.0,9.1,17.0,366,250,110,6,0,0,0,126,68,44,0,6,237,0,123,0,54.4,6,1.7,2.8,6.4,7
2016,CA,California,Temecula,8.1,100097,33.5029980884,-117.12239028,13.0,9.3,24.5,17.8,,,,,,,,,,,,,,,,,,,,,,,37.8,8.2,1.8,4.8,9.7,6.7
2016,CA,California,Thousand Oaks,8.1,126683,34.1917745655,-118.874888411,11.3,8.0,21.5,15.4,,8.0,0.077,,9.6,25.0,366,173,184,9,0,0,0,147,84,51,0,0,232,0,127,7,29.5,7.9,1.2,3.2,8,6.5
2016,CA,California,Torrance,7.0,145438,33.8345985464,-118.341641983,9.9,8.0,18.0,15.1,,,,,,,,,,,,,,,,,,,,,,,45.3,6.4,1.1,2.8,7.7,6.9
2016,CA,California,Tracy,8.7,82922,37.7243277375,-121.444621463,13.5,12.4,27.5,21.3,,,,,,,,,,,,,,,,,,,,,,,41.9,9.2,3.4,7.5,9.1,8.1
2016,CA,California,Turlock,9.3,68549,37.5052158271,-120.858762412,15.5,14.0,30.5,23.8,,,,,,,,,,,,,,,,,,,,,,,46.8,11.2,5,12.5,10.5,16.3
2016,CA,California,Tustin,8.0,75540,33.7308520326,-117.810730968,11.9,12.5,21.4,18.4,,,,,,,,,,,,,,,,,,,,,,,54.8,6.8,3.1,6.8,13,13.9
2016,CA,California,Union City,7.5,69516,37.6028390812,-122.018966106,11.7,10.5,17.0,19.3,,,,,,,,,,,,,,,,,,,,,,,37.2,6.8,4.9,5.8,6.6,7.9
2016,CA,California,Upland,9.0,73732,34.1178445701,-117.660290062,13.5,12.4,25.2,19.5,,,,,,,,,,,,,,,,,,,,,,,48.8,5.9,4.5,8.9,10.4,15.6
2016,CA,California,Vacaville,9.1,92428,38.3597235063,-121.96903046,15.2,10.6,25.0,19.4,,,,,,,,,,,,,,,,,,,,,,,38.8,7.5,2.5,6.7,6.9,9.9
2016,CA,California,Vallejo,9.2,115942,38.1135329247,-122.235518478,14.9,12.3,25.2,23.6,1.8,7.0,0.067,1.0,8.5,11.0,366,278,86,2,0,0,0,105,62,40,0,3,208,0,155,0,46.7,13,4.7,12.8,11.7,16.9
2016,CA,California,Victorville,10.1,115903,34.5277691103,-117.353855136,17.7,17.5,31.0,26.3,,,,,,,,,,,,,,,,,,,,,,,48.0,15.5,9.6,24.8,13.7,25
2016,CA,California,Visalia,9.2,124442,36.3270623157,-119.325273214,16.0,15.1,33.8,23.4,,9.0,0.092,,14.7,42.0,366,80,162,102,22,0,0,177,145,77,0,0,222,0,137,7,39.7,8.1,7.1,18.4,9.8,22.1
2016,CA,California,Vista,8.7,93834,33.1895481978,-117.238607217,15.3,15.8,23.7,21.6,,,,,,,,,,,,,,,,,,,,,,,52.0,5.4,4.2,7.1,17,17
2016,CA,California,West Covina,7.3,106098,34.0554415174,-117.91128206,11.0,14.4,22.1,20.3,,,,,,,,,,,,,,,,,,,,,,,42.4,9.9,2.6,5.9,12.2,10.5
2016,CA,California,Westminster,7.8,89701,33.7521523769,-117.993760054,14.5,14.2,19.6,23.9,,,,,,,,,,,,,,,,,,,,,,,51.1,7.4,3.2,12.6,12.8,17.9
2016,CA,California,Whittier,7.7,85331,33.9678255596,-118.018796341,11.4,15.5,25.3,19.3,,,,,,,,,,,,,,,,,,,,,,,43.6,6.7,2.5,5.5,10.9,11.8
2016,CO,Colorado,Arvada,9.0,106433,39.8308263293,-105.146327974,16.3,10.2,23.2,13.6,,,,,,,,,,,,,,,,,,,,,,,27.0,5.3,1.4,5.1,6.6,7.1
2016,CO,Colorado,Aurora,9.1,325078,39.7091594781,-104.726526621,17.9,15.8,25.3,19.8,2.1,29.0,0.083,1.0,9.5,35.0,366,92,245,25,4,0,0,159,93,61,0,87,216,1,47,15,42.8,7,2.6,11.3,15.8,14.7
2016,CO,Colorado,Boulder,8.1,97385,40.0275510494,-105.25151776,12.4,8.5,16.6,10.9,,,,,6.9,22.0,204,190,14,0,0,0,0,97,48,35,0,0,108,0,80,16,47.8,6.1,1,3.9,6,22
2016,CO,Colorado,Centennial,7.9,100377,39.592872073,-104.867986891,12.6,7.6,19.1,11.9,,,,,,,,,,,,,,,,,,,,,,,19.7,4.6,0.9,2.2,5.6,4.1
2016,CO,Colorado,Colorado Springs,9.5,416427,38.8672748077,-104.760664479,16.1,11.5,24.2,16.7,1.3,,0.069,3.0,,19.0,366,263,101,2,0,0,0,126,71,45,0,0,328,16,22,0,42.5,7.5,2.9,11,10.2,12.8
2016,CO,Colorado,Denver,8.8,600158,39.7620283743,-104.876365322,16.8,14.6,20.2,16.0,2.1,29.0,0.083,1.0,9.5,35.0,366,92,245,25,4,0,0,159,93,61,0,87,216,1,47,15,50.0,5.4,2.5,10.3,13,16.4
2016,CO,Colorado,Fort Collins,8.8,143986,40.5487758924,-105.065904872,14.8,9.5,23.2,13.0,1.3,,0.076,,6.8,22.0,366,189,169,7,1,0,0,151,87,50,0,0,317,0,47,2,46.7,6.6,1.6,6.9,8,17.8
2016,CO,Colorado,Greeley,9.2,92889,40.4141369521,-104.771170982,18.6,17.5,27.8,19.7,0.9,,0.067,,7.3,22.0,366,246,117,3,0,0,0,129,71,45,0,0,286,0,79,1,43.6,8.3,3.4,13.4,11.4,19
2016,CO,Colorado,Lakewood,9.0,142980,39.6976734462,-105.116965444,16.5,12.1,24.3,14.9,2.1,29.0,0.083,1.0,9.5,35.0,366,92,245,25,4,0,0,159,93,61,0,87,216,1,47,15,40.6,5.4,2,7.8,11.6,11.6
2016,CO,Colorado,Longmont,8.4,86270,40.1695164708,-105.10195106,14.8,12.8,17.8,13.5,,,,,,,,,,,,,,,,,,,,,,,37.6,6.9,2.4,9.4,11.2,13.2
2016,CO,Colorado,Loveland,8.9,66859,40.4165693758,-105.061758435,16.0,10.3,23.3,13.4,,,,,,,,,,,,,,,,,,,,,,,38.6,5.6,2.6,7.3,9.7,9.4
2016,CO,Colorado,Pueblo,9.7,106595,38.2733957251,-104.612001218,20.0,20.6,30.7,23.6,,,,,4.8,21.0,128,126,2,0,0,0,0,64,35,20,0,0,0,0,72,56,44.9,10.8,5.1,23.3,10.9,25.1
2016,CO,Colorado,Thornton,9.1,118772,39.9193994188,-104.944956758,18.7,14.6,25.9,19.1,,,,,,,,,,,,,,,,,,,,,,,26.7,4.5,1.9,9.5,13.1,8.2
2016,CO,Colorado,Westminster,8.8,106114,39.8838511475,-105.062645316,16.6,11.5,23.8,15.8,,,,,,,,,,,,,,,,,,,,,,,36.6,6.3,1.4,7,10.3,8.6
2016,CT,Connecticut,Bridgeport,10.3,144229,41.1928054233,-73.196054694,18.4,16.8,32.4,28.8,1.5,,0.087,0.0,9.4,14.0,366,223,120,16,7,0,0,185,87,45,0,0,164,0,202,0,60.4,15.2,5.7,28.2,17.5,22.1
2016,CT,Connecticut,Danbury,9.2,80893,41.4015898606,-73.470938682,16.1,12.0,25.4,21.9,,,,,,,,,,,,,,,,,,,,,,,42.0,7.3,2,11.4,17.1,11.2
2016,CT,Connecticut,Hartford,12.3,124775,41.7660706419,-72.6834012389,20.5,18.8,37.2,36.7,1.5,16.0,0.08,0.0,7.5,16.0,366,257,93,14,2,0,0,187,73,43,0,61,168,0,137,0,78.4,17.5,14.2,41.5,12.5,31.9
2016,CT,Connecticut,New Britain,11.3,73206,41.675922654,-72.7861630705,19.6,15.0,31.9,31.3,,,,,,,,,,,,,,,,,,,,,,,63.7,10.7,6,31.2,7.9,22.9
2016,CT,Connecticut,New Haven,11.2,129779,41.3113869392,-72.9247595793,18.6,13.8,34.3,28.0,1.2,14.0,0.08,0.0,7.4,13.0,366,256,96,11,3,0,0,164,73,44,0,27,217,0,122,0,74.1,11.3,7,26.5,11.6,26.1
2016,CT,Connecticut,Norwalk,8.9,85603,41.1175631682,-73.4224513123,13.7,10.3,25.0,19.5,1.5,,0.087,0.0,9.4,14.0,366,223,120,16,7,0,0,185,87,45,0,0,164,0,202,0,41.3,7.9,2.2,7.8,18.7,8.5
2016,CT,Connecticut,Stamford,8.6,122643,41.1049145013,-73.5589363142,12.9,10.1,24.3,19.0,1.5,,0.087,0.0,9.4,14.0,366,223,120,16,7,0,0,185,87,45,0,0,164,0,202,0,48.8,8,1.5,9,13.1,8.9
2016,CT,Connecticut,Waterbury,11.5,110366,41.5582443266,-73.036129832,21.6,15.7,34.2,29.9,,,,,,,,,,,,,,,,,,,,,,,61.1,13.2,7.7,30.4,11.3,25.4
2016,DE,Delaware,Wilmington,10.7,70851,39.7412748227,-75.5418960925,23.6,17.1,36.8,33.2,1.9,16.0,0.08,2.0,11.0,39.0,366,122,224,18,2,0,0,154,88,57,0,8,134,3,214,7,55.7,10.3,3.4,27.5,7.7,26.1
2016,DC,District of C,Washington,10.0,601723,38.9099241426,-77.0147205666,17.2,7.7,26.4,18.0,2.3,18.0,0.076,1.0,8.6,17.0,366,176,174,16,0,0,0,133,84,51,0,25,173,0,168,0,,,,,,
2016,FL,Florida,Boca Raton,6.9,84392,26.3749012715,-80.1078208861,13.6,15.2,21.0,22.1,,,,,,,,,,,,,,,,,,,,,,,30.9,6.6,1.1,3.9,10.5,9.3
2016,FL,Florida,Boynton Beach,8.2,68217,26.5279818052,-80.0814660417,18.7,22.3,26.8,30.6,,,,,,,,,,,,,,,,,,,,,,,42.7,11,2.5,11.2,18.1,16
2016,FL,Florida,Cape Coral,7.6,154305,26.6448544993,-81.9931108298,17.6,21.0,27.2,26.3,,,0.06,,6.0,14.0,366,324,41,1,0,0,0,105,51,38,0,0,260,0,105,1,28.3,9.4,1.8,11.6,16.5,13.1
2016,FL,Florida,Clearwater,7.9,107685,27.9805997919,-82.7544099135,21.4,21.2,29.0,27.7,0.9,10.0,0.07,1.0,7.7,20.0,366,252,108,5,1,0,0,154,71,45,0,0,227,15,124,0,42.6,7.3,2.7,14.9,16.9,16
2016,FL,Florida,Coral Springs,7.4,121096,26.2701700158,-80.2592221493,15.1,19.6,25.0,24.6,,,,,,,,,,,,,,,,,,,,,,,42.4,8.8,1.3,10.4,17,10.3
2016,FL,Florida,Davie,7.2,91992,26.0789340778,-80.2869750311,15.1,20.7,24.6,24.9,,,,,,,,,,,,,,,,,,,,,,,,7.3,2,11,15.2,12.7
2016,FL,Florida,Deerfield Beach,8.4,75018,26.3049966413,-80.1277706584,19.7,23.5,28.6,29.5,,,,,,,,,,,,,,,,,,,,,,,42.7,9.6,1.1,13.4,21.6,18.1
2016,FL,Florida,Deltona,8.3,85182,28.905060048,-81.2134269839,21.1,24.7,33.2,33.7,,,0.06,,5.6,14.0,363,319,44,0,0,0,0,89,52,39,0,0,262,0,101,0,22.6,9.2,3,17.7,16,16.2
2016,FL,Florida,Fort Lauderdale,8.0,165521,26.1418205174,-80.1471225502,18.1,22.1,28.1,27.4,1.5,8.0,0.062,0.0,8.1,32.0,362,204,152,5,1,0,0,164,69,48,0,8,80,0,235,39,48.2,9.1,1.9,15.7,18.8,19.5
2016,FL,Florida,Gainesville,8.4,124354,29.6817027431,-82.345278266,17.6,19.9,29.4,29.3,,,0.06,,6.0,,360,321,38,1,0,0,0,101,51,37,0,0,227,0,133,0,64.4,8.4,1.8,12.1,13.1,34.8
2016,FL,Florida,Hialeah,7.0,224669,25.869626948,-80.3045294666,16.4,43.7,30.2,45.3,,,,,,,,,,,,,,,,,,,,,,,56.6,9.1,2.8,45.8,28.9,26.2
2016,FL,Florida,Hollywood,7.7,140768,26.0287025703,-80.1683976059,17.3,25.3,27.7,29.0,,,,,,,,,,,,,,,,,,,,,,,42.8,8.5,2.8,16.7,19.9,16.2
2016,FL,Florida,Jacksonville,8.2,821784,30.3319820139,-81.6752266207,20.2,20.6,31.4,28.5,1.9,,0.064,0.0,7.9,,366,265,101,0,0,0,0,97,61,44,0,2,196,14,154,0,43.4,8.8,2.9,16.5,14,17
2016,FL,Florida,Lakeland,8.7,97422,28.0558482664,-81.9539536462,20.3,22.7,37.1,30.9,,,0.064,0.0,6.0,14.0,366,320,46,0,0,0,0,90,53,39,0,0,244,2,120,0,42.5,9.5,2.8,14.8,12.3,18.1
2016,FL,Florida,Largo,8.1,77648,27.9090907734,-82.7714203383,23.1,20.9,28.8,28.6,,,,,,,,,,,,,,,,,,,,,,,42.6,8.5,3.6,14.7,16.1,15.7
2016,FL,Florida,Lauderhill,9.9,66887,26.1605584187,-80.2241278263,22.0,27.0,35.8,35.4,,,,,,,,,,,,,,,,,,,,,,,53.5,12.6,2.4,24.8,21.6,23.7
2016,FL,Florida,Melbourne,8.3,76068,28.1158805782,-80.6508814613,21.5,19.5,27.8,28.5,,,0.061,,5.2,13.0,366,332,34,0,0,0,0,84,50,39,0,0,292,0,74,0,41.4,8.6,2.7,13.6,15.4,17.5
2016,FL,Florida,Miami,7.4,399457,25.782295897,-80.2215647762,16.9,36.3,29.8,41.6,1.5,8.0,0.062,0.0,8.1,32.0,362,204,152,5,1,0,0,164,69,48,0,8,80,0,235,39,69.9,9.4,1.9,32.2,27.3,27.6
2016,FL,Florida,Miami Beach,6.5,87779,25.8167101614,-80.1341952652,13.3,24.0,23.7,30.1,,,,,,,,,,,,,,,,,,,,,,,62.6,5,1.4,14.5,22.7,16.7
2016,FL,Florida,Miami Gardens,9.3,107167,25.9432633871,-80.2425332162,20.5,29.6,33.9,41.2,,,,,,,,,,,,,,,,,,,,,,,35.4,13.7,5.7,32.9,23.8,23.4
2016,FL,Florida,Miramar,7.6,122041,25.9773288233,-80.3357316003,14.1,23.1,28.4,27.0,,,,,,,,,,,,,,,,,,,,,,,32.1,8.4,2.2,11.1,18.6,10.2
2016,FL,Florida,Orlando,8.2,238300,28.4800646771,-81.3452411179,16.6,23.1,30.3,30.7,1.2,4.0,0.066,0.0,6.2,13.0,366,280,85,1,0,0,0,115,61,42,0,9,250,0,107,0,65.0,8.2,2.1,17.9,19.4,19.9
2016,FL,Florida,Palm Bay,8.6,103190,27.9838255249,-80.6666722846,22.4,21.7,29.5,30.3,,,0.061,,5.2,13.0,366,332,34,0,0,0,0,84,50,39,0,0,292,0,74,0,28.1,9.8,3,15.9,15,18
2016,FL,Florida,Palm Coast,8.0,75180,29.5405590976,-81.2508206143,20.6,19.7,27.5,27.9,,,,,,,,,,,,,,,,,,,,,,,27.6,7.3,2.1,9.9,14.6,13.4
2016,FL,Florida,Pembroke Pines,7.1,154750,26.0127387534,-80.3384522664,13.4,22.0,25.6,25.5,,,,,,,,,,,,,,,,,,,,,,,30.2,7.3,1.9,9.8,12.8,8.8
2016,FL,Florida,Plantation,7.4,84955,26.1259853923,-80.2616762465,14.2,18.1,24.6,23.0,,,,,,,,,,,,,,,,,,,,,,,41.8,6.1,1.3,6.9,14.5,9.5
2016,FL,Florida,Pompano Beach,8.4,99845,26.2428335699,-80.131245161,20.7,26.4,30.0,31.2,,,,,,,,,,,,,,,,,,,,,,,49.0,10.8,1.3,17.4,23.9,21.2
2016,FL,Florida,Port St. Lucie,8.2,164603,27.2808680308,-80.3832154574,20.7,22.1,30.2,30.3,,,0.063,,,,366,327,39,0,0,0,0,93,51,39,0,0,263,0,103,0,28.5,9.6,1.7,12.6,17.3,14.1
2016,FL,Florida,St. Petersburg,8.1,244769,27.792894971,-82.6650743239,20.8,19.1,29.3,26.9,0.9,10.0,0.07,1.0,7.7,20.0,366,252,108,5,1,0,0,154,71,45,0,0,227,15,124,0,41.3,7.5,2.9,14.2,14.8,16.4
2016,FL,Florida,Sunrise,8.0,84439,26.1546878303,-80.299841102,16.9,23.3,28.2,28.6,,,,,,,,,,,,,,,,,,,,,,,36.1,8.2,1.9,14.4,17.4,14.2
2016,FL,Florida,Tallahassee,8.1,181376,30.4548951211,-84.2526459938,16.1,18.2,31.1,26.4,0.8,,0.061,,7.2,,365,283,80,1,1,0,0,175,59,41,0,0,173,0,192,0,62.1,11,1.5,14.8,10.7,28.4
2016,FL,Florida,Tampa,8.3,335709,27.996198041,-82.4450349799,19.3,23.1,29.0,30.7,0.9,10.0,0.07,1.0,7.7,20.0,366,252,108,5,1,0,0,154,71,45,0,0,227,15,124,0,52.9,9.6,4.1,19.8,14.3,21.2
2016,FL,Florida,West Palm Beach,8.0,99919,26.7478714655,-80.1337397544,17.6,24.0,27.2,31.0,1.5,8.0,0.062,0.0,8.1,32.0,362,204,152,5,1,0,0,164,69,48,0,8,80,0,235,39,54.0,8.9,2.2,13.8,19.3,19
2016,GA,Georgia,Albany,10.9,77434,31.5776036766,-84.1763240815,24.4,24.2,39.6,37.7,,,,,8.7,,363,263,100,0,0,0,0,93,59,36,0,0,0,0,363,0,61.0,18,2.4,29.9,20.2,33.2
2016,GA,Georgia,Athens,9.3,115452,33.9508170683,-83.3689417445,20.8,20.0,31.6,31.2,,,0.069,,8.3,,362,295,61,4,2,0,0,162,61,40,0,0,191,0,171,0,,,,,,
2016,GA,Georgia,Atlanta,9.0,420003,33.7626524683,-84.4231419055,16.8,17.4,29.1,27.1,2.2,20.0,0.078,1.0,10.8,17.0,366,105,229,28,4,0,0,200,97,57,0,2,153,0,211,0,58.7,10.4,2.4,17.3,14,24
2016,GA,Georgia,Augusta,10.1,195844,33.3644561527,-82.0708396775,22.6,21.5,36.4,33.7,,,0.065,2.0,9.6,15.0,366,256,103,5,2,0,0,166,67,44,0,0,201,31,134,0,,,,,,
2016,GA,Georgia,Columbus,9.5,189885,32.5099614852,-84.8770410586,21.4,20.3,34.8,32.4,,,0.066,,9.6,,364,264,95,5,0,0,0,148,61,41,0,0,167,0,197,0,53.7,10.1,1.3,19.4,14.6,20.9
2016,GA,Georgia,Johns Creek,6.8,76728,34.0332991998,-84.2027195506,10.9,10.9,17.6,18.0,,,,,,,,,,,,,,,,,,,,,,,22.9,7.1,0.8,2.6,9,4.8
2016,GA,Georgia,Macon,11.1,91351,32.8320417692,-83.6495823768,26.3,25.3,44.0,39.2,,,0.07,1.0,10.3,,366,267,94,5,0,0,0,147,63,42,0,0,146,1,219,0,,,,,,
2016,GA,Georgia,Roswell,7.5,88346,34.0391384583,-84.3512225277,12.9,15.3,21.4,20.2,2.2,20.0,0.078,1.0,10.8,17.0,366,105,229,28,4,0,0,200,97,57,0,2,153,0,211,0,33.2,4.5,1.1,5.9,14.4,8.9
2016,GA,Georgia,Sandy Springs,7.7,93853,33.9366669867,-84.3703197084,12.6,13.9,22.0,20.0,2.2,20.0,0.078,1.0,10.8,17.0,366,105,229,28,4,0,0,200,97,57,0,2,153,0,211,0,53.8,4.9,1.1,5.8,13.1,11.8
2016,GA,Georgia,Savannah,9.9,136286,32.0283615157,-81.1783435493,21.7,20.7,35.5,32.6,,,0.058,2.0,8.3,,366,304,59,3,0,0,0,143,55,39,0,0,135,40,191,0,57.9,12.2,1.4,18.7,19.2,25.4
2016,GA,Georgia,Warner Robins,9.4,66588,32.5985113609,-83.6530271267,21.9,19.7,33.9,31.9,,,,,7.9,,352,306,44,2,0,0,0,107,53,33,0,0,0,0,352,0,43.7,10,1.7,15.6,15.6,23.6
2016,HI,Hawaii,Honolulu,9.6,953207,21.4588039305,-157.973296737,14.1,10.3,23.2,21.2,,,,,,,,,,,,,,,,,,,,,,,,,,,,
2016,ID,Idaho,Boise City,9.0,205671,43.5984343897,-116.230885189,13.9,14.6,25.1,18.1,2.5,10.0,0.072,1.0,8.4,21.0,366,218,134,13,1,0,0,155,80,46,0,6,160,0,196,4,40.0,6,2.9,10.3,11.6,14.1
2016,ID,Idaho,Meridian,8.9,75092,43.6185195383,-116.39758487,13.8,14.0,24.4,17.3,,,,,,,,,,,,,,,,,,,,,,,24.3,4.3,3,7.3,9.7,9.3
2016,ID,Idaho,Nampa,10.0,81557,43.5829315681,-116.564145085,19.0,22.6,34.2,25.8,,,,,,,,,,,,,,,,,,,,,,,40.3,7.8,4,18.9,16.4,22.4
2016,IL,Illinois,Arlington Heights,8.4,75101,42.095623342,-87.9825627457,13.3,7.9,24.0,16.8,,,,,,,,,,,,,,,,,,,,,,,,,,,,
2016,IL,Illinois,Aurora,9.2,197899,41.7637750837,-88.2900949057,17.3,18.1,34.2,27.2,,,,,,,,,,,,,,,,,,,,,,,37.1,7.2,1.7,15.4,14.3,14
2016,IL,Illinois,Bloomington,9.1,76610,40.4756778366,-88.9700813515,16.2,9.2,32.2,22.2,,,0.065,,,,366,309,56,1,0,0,0,108,57,38,0,0,294,0,72,0,39.7,5.1,2.6,12.4,6.1,12.9
2016,IL,Illinois,Bolingbrook,8.9,73366,41.6911653908,-88.1011218035,16.0,12.5,33.9,25.0,,,,,,,,,,,,,,,,,,,,,,,,,,,,
2016,IL,Illinois,Champaign,9.2,81055,40.1151051361,-88.2729845986,16.3,10.1,31.9,23.0,0.3,,0.066,0.0,7.6,,366,302,64,0,0,0,0,100,58,39,0,0,265,0,101,0,52.7,5.5,1.3,8.2,7.4,25.8
2016,IL,Illinois,Chicago,9.9,2695598,41.8372950615,-87.6862308732,17.3,16.3,33.7,27.4,1.1,17.0,0.08,2.0,9.9,27.0,366,151,187,23,4,1,0,217,87,54,0,45,117,8,174,22,56.3,10.9,3.7,19.8,14.7,21.7
2016,IL,Illinois,Cicero,9.4,83891,41.844539143,-87.7592873023,18.7,30.7,36.7,36.2,,,,,,,,,,,,,,,,,,,,,,,,9.9,4.9,27.3,23,22
2016,IL,Illinois,Decatur,10.7,76122,39.8555822645,-88.9336983421,23.2,13.3,38.4,29.7,,,0.066,3.0,7.8,,366,293,72,1,0,0,0,123,60,41,0,0,181,29,156,0,41.4,11.9,3.5,21,8.8,25.1
2016,IL,Illinois,Elgin,9.1,108188,42.0385402472,-88.3224947104,17.4,17.7,33.0,26.2,1.1,17.0,0.08,2.0,9.9,27.0,366,151,187,23,4,1,0,217,87,54,0,45,117,8,174,22,31.3,8,1.8,15.8,14.2,14.6
2016,IL,Illinois,Evanston,8.8,74486,42.0463099649,-87.6940348773,12.5,8.4,26.5,17.9,,,,,,,,,,,,,,,,,,,,,,,43.8,6.2,1.9,6,6,13.7
2016,IL,Illinois,Joliet,9.7,147433,41.5206390037,-88.1507097756,19.8,15.5,37.6,28.6,,,,,,,,,,,,,,,,,,,,,,,28.7,8.2,2.8,16.1,10.3,12.1
2016,IL,Illinois,Naperville,8.0,141853,41.7482001145,-88.1657705099,11.9,6.8,26.2,16.8,1.1,17.0,0.08,2.0,9.9,27.0,366,151,187,23,4,1,0,217,87,54,0,45,117,8,174,22,26.1,5.6,0.7,3.5,4.7,4.9
2016,IL,Illinois,Palatine,8.4,68557,42.1180663695,-88.042989882,13.8,10.6,25.2,19.1,,,,,,,,,,,,,,,,,,,,,,,,,,,,
2016,IL,Illinois,Peoria,10.1,115007,40.7515684146,-89.615255458,20.5,12.3,36.3,26.2,,,0.068,2.0,7.6,,366,246,108,12,0,0,0,141,71,43,0,0,159,50,157,0,44.9,9.9,4.1,17.9,8.2,21.7
2016,IL,Illinois,Rockford,10.5,152871,42.2633180015,-89.0625958362,23.3,15.9,36.8,30.0,,,0.07,,7.8,,354,316,35,3,0,0,0,105,51,34,0,0,314,0,40,0,50.3,13.4,4,24.3,10.1,22.7
2016,IL,Illinois,Schaumburg,8.2,74227,42.0305488755,-88.0838663543,13.3,8.6,23.4,18.5,,,,,,,,,,,,,,,,,,,,,,,,,,,,
2016,IL,Illinois,Springfield,10.0,116250,39.7716473322,-89.6540780049,20.8,10.9,35.9,25.0,,,0.068,,7.7,,364,319,44,1,0,0,0,105,53,35,0,0,323,0,41,0,35.3,8.7,2.9,15.3,7.1,19.7
2016,IL,Illinois,Waukegan,10.0,89078,42.3702955582,-87.8712595095,20.4,23.0,35.6,34.6,,,,,,,,,,,,,,,,,,,,,,,54.5,9.9,5.1,21.6,21.3,20
2016,IN,Indiana,Bloomington,10.2,80405,39.1637458221,-86.5257124351,19.4,11.1,30.8,25.2,,,0.069,,7.8,,357,295,59,3,0,0,0,140,60,36,0,0,163,0,194,0,64.2,8,1.3,9.7,10.2,38
2016,IN,Indiana,Carmel,8.7,79191,39.9658404613,-86.1461278461,11.7,6.4,23.6,15.0,2.5,13.0,0.073,2.0,10.4,27.0,366,197,157,12,0,0,0,143,77,49,0,4,134,1,225,2,20.5,3.4,0.6,1.9,3.8,3.6
2016,IN,Indiana,Evansville,11.3,117429,37.9867158026,-87.538270731,26.0,13.6,37.2,30.9,0.9,8.0,0.072,2.0,9.1,15.0,366,221,137,7,1,0,0,151,74,45,0,0,145,27,194,0,49.3,7,3.1,17.7,13.1,21.7
2016,IN,Indiana,Fishers,8.9,76794,39.9587635263,-85.969310702,12.4,6.7,24.5,15.3,,,,,,,,,,,,,,,,,,,,,,,20.0,3.4,0.4,2.6,4.6,3.4
2016,IN,Indiana,Fort Wayne,10.9,253691,41.0884920417,-85.1435898792,21.9,13.7,35.1,25.6,,4.0,0.069,,8.8,,366,256,107,3,0,0,0,119,64,42,0,3,139,0,224,0,39.5,7.9,2.8,15.4,13.3,18.3
2016,IN,Indiana,Gary,13.0,80294,41.5904779239,-87.3472907397,26.4,19.6,49.0,39.1,,,,,,,,,,,,,,,,,,,,,,,49.1,16.6,4,33.6,15.2,35.9
2016,IN,Indiana,Hammond,10.6,80830,41.6171442828,-87.4909551115,22.9,20.2,39.4,33.7,,,,,,,,,,,,,,,,,,,,,,,40.6,11.7,3,20.1,17.2,23.4
2016,IN,Indiana,Indianapolis,10.9,820445,39.7771221075,-86.145782152,23.8,14.7,33.2,27.6,2.5,13.0,0.073,2.0,10.4,27.0,366,197,157,12,0,0,0,143,77,49,0,4,134,1,225,2,,,,,,
2016,IN,Indiana,Lafayette,10.7,67140,40.3994285285,-86.8617007404,21.9,13.7,33.4,27.1,,,0.066,,7.7,,352,277,73,2,0,0,0,101,61,38,0,0,157,0,195,0,50.5,8,2,16.5,14.8,19.9
2016,IN,Indiana,Muncie,11.3,70085,40.1987098324,-85.3942940148,25.8,14.1,38.6,30.5,,,0.067,,7.7,,230,192,37,1,0,0,0,115,58,39,0,0,156,0,74,0,44.9,11.4,3.3,19.2,12.9,30.9
2016,IN,Indiana,South Bend,11.5,101168,41.6769914549,-86.2690372417,25.4,16.8,39.4,32.3,,9.0,0.077,,9.8,,364,246,108,10,0,0,0,129,72,43,0,19,152,0,193,0,45.2,10.5,3.1,21.6,15.1,26.7
2016,IA,Iowa,Cedar Rapids,8.0,126326,41.966729258,-91.6781679349,16.8,7.4,32.9,22.1,0.9,,0.064,1.0,7.8,20.0,366,274,90,2,0,0,0,106,63,40,0,0,118,19,227,2,30.4,4.7,2.8,13.6,5.8,11.4
2016,IA,Iowa,Davenport,8.5,99685,41.5557926876,-90.6051730163,19.9,9.1,33.1,24.1,0.5,6.0,0.066,0.0,8.3,40.0,366,130,234,2,0,0,0,112,74,55,0,0,76,0,217,73,37.3,5.1,3.2,15.7,7.5,16.9
2016,IA,Iowa,Des Moines,8.6,203433,41.5741349525,-93.6165066086,21.9,10.4,33.3,25.2,0.8,8.0,0.061,0.0,7.2,19.0,366,312,53,1,0,0,0,138,53,37,0,8,139,0,217,2,41.2,7.1,4.2,22.6,9,19
2016,IA,Iowa,Iowa City,7.9,67862,41.6558950332,-91.5308854927,15.0,7.3,28.5,20.1,,,,,7.4,17.0,366,305,61,0,0,0,0,100,53,33,0,0,0,0,363,3,52.4,4.4,1.6,8.7,7.8,28
2016,IA,Iowa,Sioux City,8.6,82684,42.4963149039,-96.3913834837,20.1,11.7,37.0,26.5,,2.0,0.06,0.0,7.3,20.0,366,322,42,2,0,0,0,112,54,36,0,1,228,0,116,21,36.9,5.5,3.1,16.5,10.2,15
2016,IA,Iowa,Waterloo,8.9,68406,42.4919736932,-92.3521759342,20.2,10.0,35.6,26.4,,,0.063,,7.5,18.0,366,267,98,1,0,0,0,118,59,42,0,0,126,0,240,0,40.9,8.3,5.3,18.3,8.6,16.8
2016,KS,Kansas,Kansas City,10.6,145786,39.1234621409,-94.7441921112,24.8,25.4,43.8,35.6,1.0,13.0,0.069,2.0,9.0,27.0,366,228,131,7,0,0,0,129,70,46,0,19,175,1,158,13,45.3,9.3,2.9,18.1,21.9,23.7
2016,KS,Kansas,Lawrence,9.1,87643,38.9599302924,-95.2628259088,16.5,12.7,29.0,19.4,,,,,,,,,,,,,,,,,,,,,,,54.8,4.9,2.2,6.9,10.9,22.3
2016,KS,Kansas,Olathe,8.7,125872,38.884693021,-94.8192070197,14.7,12.3,25.6,17.4,,,,,,,,,,,,,,,,,,,,,,,29.1,4.4,1.1,5.1,9.1,6.8
2016,KS,Kansas,Overland Park,8.3,173372,38.8872922575,-94.6872267067,12.4,9.9,23.7,15.0,,,,,,,,,,,,,,,,,,,,,,,38.1,4,0.9,3.5,5.9,5.9
2016,KS,Kansas,Topeka,10.2,127473,39.0359549911,-95.6954155341,20.5,17.7,37.2,25.7,,,0.063,,7.1,18.0,366,335,31,0,0,0,0,87,49,36,0,0,329,0,32,5,46.5,6.7,2.9,13.6,11.8,18.3
2016,KS,Kansas,Wichita,9.6,382368,37.690561478,-97.3429366807,22.3,18.3,31.6,26.9,,7.0,0.064,1.0,7.4,25.0,366,309,56,0,1,0,0,195,55,41,0,12,271,0,43,40,40.6,6.6,2.8,13,14.3,17.1
2016,KY,Kentucky,Lexington,11.2,295803,38.0423254022,-84.4587259608,20.2,7.7,33.2,25.4,,7.0,0.066,1.0,8.2,,366,298,67,1,0,0,0,126,60,40,0,28,211,4,123,0,,,,,,
2016,KY,Kentucky,Louisville,12.3,597337,38.1777689918,-85.6664099974,23.3,8.5,34.2,26.1,,,,,,,,,,,,,,,,,,,,,,,,,,,,
2016,LA,Louisiana,Baton Rouge,9.4,229493,30.4510891679,-91.1263551997,20.4,16.4,35.8,30.5,1.1,11.0,0.071,2.0,11.4,25.0,366,186,171,9,0,0,0,146,77,50,0,2,127,2,232,3,53.2,8.8,1.1,20.7,14.2,26.1
2016,LA,Louisiana,Kenner,8.6,66702,30.0106937201,-90.2550320135,19.7,18.1,33.5,27.1,,,,,,,,,,,,,,,,,,,,,,,42.4,6.9,1.7,14.5,18.8,15.6
2016,LA,Louisiana,Lafayette,9.1,120623,30.2120582815,-92.0317532321,22.1,14.7,34.0,27.5,,,0.066,,,16.0,366,287,79,0,0,0,0,97,59,42,0,0,278,0,88,0,42.3,5.2,0.9,12.5,14,19
2016,LA,Louisiana,Lake Charles,9.7,71993,30.2030679966,-93.2148796496,24.0,17.3,40.2,31.7,,6.0,0.065,1.0,7.6,,366,239,126,1,0,0,0,112,62,44,0,1,112,7,246,0,46.7,8.3,1.3,18.1,16.1,23.7
2016,LA,Louisiana,New Orleans,9.3,343829,30.0687009935,-89.9316317895,20.5,16.2,34.5,27.3,1.4,10.0,0.067,4.0,7.5,18.0,366,231,124,11,0,0,0,126,71,46,0,4,168,55,139,0,53.7,9.8,2,20.1,14.2,26.2
2016,LA,Louisiana,Shreveport,9.8,199311,32.4671618864,-93.7962236108,23.6,17.4,43.4,31.3,,,0.065,,10.4,,366,271,95,0,0,0,0,90,59,42,0,0,212,0,150,4,49.2,7.4,2.1,19.3,15.1,24.7
2016,ME,Maine,Portland,11.4,66194,43.6779836271,-70.2752544531,16.4,11.5,26.9,17.9,0.9,6.0,0.068,1.0,6.6,19.0,366,327,37,2,0,0,0,108,52,36,0,11,282,0,69,4,60.4,5.7,4.9,19.3,10,19.2
2016,MD,Maryland,Baltimore,12.2,620961,39.3084523991,-76.6160492311,22.0,12.9,36.1,29.1,1.5,17.0,0.079,1.0,9.7,16.0,366,196,146,19,4,1,0,204,90,49,0,32,183,0,151,0,54.3,11.4,5.6,25.9,9,23.1
2016,MA,Massachusetts,Boston,11.3,617594,42.3155796777,-71.0916505804,16.5,9.7,24.9,21.6,1.2,15.0,0.07,1.0,7.7,14.0,366,218,141,7,0,0,0,143,67,46,0,13,189,0,163,1,65.0,8,3.8,19.1,4.1,21.1
2016,MA,Massachusetts,Brockton,12.9,93810,42.082071372,-71.0241656338,24.8,11.5,32.0,29.7,,,,,,,,,,,,,,,,,,,,,,,46.6,10.7,7.2,28.5,4.2,18.2
2016,MA,Massachusetts,Cambridge,9.7,105162,42.3758188051,-71.1183992378,11.7,5.6,23.0,16.6,1.2,15.0,0.07,1.0,7.7,14.0,366,218,141,7,0,0,0,143,67,46,0,13,189,0,163,1,67.1,5.4,2.2,8.4,2.6,14
2016,MA,Massachusetts,Fall River,13.1,88857,41.7139907598,-71.0996396919,27.9,11.3,31.0,30.1,,,,,,,,,,,,,,,,,,,,,,,62.7,12.3,5.4,28.9,5.2,22
2016,MA,Massachusetts,Lawrence,11.3,76377,42.7002772201,-71.1626790341,20.6,21.8,32.7,34.3,,,,,,,,,,,,,,,,,,,,,,,69.0,13.8,8.8,43.7,7.3,26.4
2016,MA,Massachusetts,Lowell,10.9,106519,42.6388727331,-71.321714396,19.9,11.6,27.0,27.5,,,,,,,,,,,,,,,,,,,,,,,57.1,9.6,5.4,23.2,5.6,21.5
2016,MA,Massachusetts,Lynn,11.4,90329,42.4783322881,-70.9662372538,20.7,13.7,28.6,27.1,,,,,,,,,,,,,,,,,,,,,,,53.9,7.8,5.5,29.7,5.9,20
2016,MA,Massachusetts,New Bedford,13.1,95072,41.6712667258,-70.9441204537,27.3,13.1,32.2,30.9,,,,,,,,,,,,,,,,,,,,,,,60.7,10.3,6.8,26.3,5.1,23.5
2016,MA,Massachusetts,Newton,9.2,85146,42.3316567616,-71.2084466944,10.4,4.4,20.2,14.0,1.2,15.0,0.07,1.0,7.7,14.0,366,218,141,7,0,0,0,143,67,46,0,13,189,0,163,1,27.4,4.4,1.4,4.2,1.8,4.4
2016,MA,Massachusetts,Quincy,9.8,92271,42.2492981918,-71.0218764062,16.0,7.1,24.2,20.0,,,,,,,,,,,,,,,,,,,,,,,54.0,6.8,3.1,10.6,3.1,10.3
2016,MA,Massachusetts,Somerville,10.1,75754,42.3905738858,-71.1017450879,13.9,6.8,24.0,18.6,,,,,,,,,,,,,,,,,,,,,,,65.6,5.1,1.6,9.7,4.3,13.3
2016,MA,Massachusetts,Springfield,12.6,153060,42.1154977999,-72.5395254143,23.8,16.1,37.2,35.1,1.5,11.0,0.076,1.0,6.6,13.0,366,295,65,5,1,0,0,161,61,39,0,5,280,0,81,0,52.9,12.4,9.3,37,5,29.7
2016,MA,Massachusetts,Worcester,11.4,181045,42.2705425446,-71.8079404584,21.5,11.0,29.7,27.1,1.1,12.0,0.074,1.0,6.0,15.0,366,307,54,4,1,0,0,154,58,38,0,17,283,0,66,0,58.9,8.8,5,22.1,4,22.1
2016,MI,Michigan,Ann Arbor,9.3,113934,42.2756833567,-83.7311374448,12.5,7.8,25.6,16.2,,,0.074,,8.1,,366,293,67,6,0,0,0,122,60,40,0,0,253,0,113,0,55.5,5.6,1.6,6.4,4.3,23.4
2016,MI,Michigan,Dearborn,11.6,98153,42.3126884626,-83.2129368006,25.8,13.3,33.7,25.6,1.5,16.0,0.075,3.0,11.3,28.0,366,148,196,22,0,0,0,147,93,54,0,15,113,31,182,25,39.1,9,4.7,23.7,10.4,29.1
2016,MI,Michigan,Detroit,13.9,713777,42.3847015631,-83.1053178776,28.6,20.1,47.4,35.7,1.5,16.0,0.075,3.0,11.3,28.0,366,148,196,22,0,0,0,147,93,54,0,15,113,31,182,25,54.0,22.1,6.3,42.3,14.5,39.4
2016,MI,Michigan,Farmington Hills,9.4,79740,42.4859956992,-83.3771159714,15.4,7.8,23.9,17.9,,,,,,,,,,,,,,,,,,,,,,,39.6,4.7,1.4,5.9,5.3,8.5
2016,MI,Michigan,Flint,13.5,102434,43.0236339386,-83.6920640313,29.8,18.0,45.4,35.6,,,0.073,,7.2,,364,294,61,9,0,0,0,129,60,38,0,0,172,0,192,0,45.3,23.7,9.1,44.2,10.6,41.9
2016,MI,Michigan,Grand Rapids,11.0,188040,42.9614815414,-85.6556858473,20.9,14.3,35.8,25.0,0.9,,0.075,0.0,8.8,16.0,366,275,81,10,0,0,0,133,66,40,0,0,228,1,137,0,46.0,8.5,7,22.6,11,25.1
2016,MI,Michigan,Kalamazoo,11.8,74262,42.2748756474,-85.588188576,21.2,13.0,41.7,25.2,,,0.074,,8.2,,363,286,69,8,0,0,0,119,62,38,0,0,161,0,202,0,54.8,9.4,3.8,23.3,9.9,32.7
2016,MI,Michigan,Lansing,11.7,114297,42.7090711751,-84.5584470022,23.0,13.8,38.9,26.7,,7.0,0.073,1.0,7.3,,366,295,63,8,0,0,0,126,61,40,0,4,250,1,111,0,50.4,11.6,4.5,25.3,10.5,29.5
2016,MI,Michigan,Livonia,9.8,96942,42.3971592737,-83.3733073683,18.2,8.2,27.8,17.5,,,,,,,,,,,,,,,,,,,,,,,16.4,5.5,1.2,5.6,4.3,5.6
2016,MI,Michigan,Rochester Hills,9.0,70995,42.6645256768,-83.1563037157,14.9,7.3,21.9,16.6,,,,,,,,,,,,,,,,,,,,,,,23.8,4.6,1.5,4.3,4.9,5.2
2016,MI,Michigan,Southfield,11.4,71739,42.4765016267,-83.2605284738,18.6,10.8,33.2,23.2,,,,,,,,,,,,,,,,,,,,,,,54.5,9.8,2.8,15.1,8.4,14.8
2016,MI,Michigan,Sterling Heights,10.6,129699,42.580985283,-83.0303680858,22.8,10.5,30.7,22.6,,,,,,,,,,,,,,,,,,,,,,,27.0,6.5,2.8,13.2,9.4,12.6
2016,MI,Michigan,Troy,8.7,80980,42.5817340358,-83.1457545154,14.4,7.4,20.8,17.1,,,,,,,,,,,,,,,,,,,,,,,26.8,5.3,1.9,5.7,6.4,6.1
2016,MI,Michigan,Warren,11.5,134056,42.4934233034,-83.0270075248,26.7,13.0,34.3,26.6,1.5,16.0,0.075,3.0,11.3,28.0,366,148,196,22,0,0,0,147,93,54,0,15,113,31,182,25,31.3,10.3,3.4,19.3,10.6,19.4
2016,MI,Michigan,Westland,11.1,84094,42.3192220455,-83.3805461719,23.2,11.8,32.9,23.5,,,,,,,,,,,,,,,,,,,,,,,41.9,7.6,2.3,16.8,9.2,14.9
2016,MI,Michigan,Wyoming,10.6,72125,42.8909745661,-85.7067229249,21.3,14.0,33.5,24.3,0.9,,0.075,0.0,8.8,16.0,366,275,81,10,0,0,0,133,66,40,0,0,228,1,137,0,33.7,6.1,4.2,17.2,11.4,15.9
2016,MN,Minnesota,Bloomington,7.8,82893,44.8305852429,-93.3150995817,15.0,8.1,22.9,15.5,1.7,13.0,0.061,1.0,7.8,38.0,366,217,144,4,1,0,0,151,69,46,0,7,95,1,124,139,35.2,4.3,3.4,7,6.2,8
2016,MN,Minnesota,Brooklyn Park,8.2,75781,45.1112033916,-93.3505067942,16.8,9.9,25.1,18.9,,,,,,,,,,,,,,,,,,,,,,,30.8,5.7,9.3,13.9,9.7,10.7
2016,MN,Minnesota,Duluth,8.5,86265,46.7854703427,-92.1342013763,21.0,8.5,31.9,20.2,,,0.059,,5.1,21.0,366,340,25,1,0,0,0,128,45,33,0,0,289,0,71,6,39.6,5.6,5.7,13.7,5,21
2016,MN,Minnesota,Minneapolis,8.4,382578,44.9635407967,-93.2678345304,16.6,10.0,26.3,18.6,1.7,13.0,0.061,1.0,7.8,38.0,366,217,144,4,1,0,0,151,69,46,0,7,95,1,124,139,53.3,6.9,7.1,15.9,9.6,21.3
2016,MN,Minnesota,Rochester,7.9,106769,44.0150574384,-92.4775005494,15.4,7.7,26.8,16.8,,,0.062,1.0,6.3,,366,329,36,1,0,0,0,104,51,33,0,0,187,1,178,0,30.5,4.7,3.6,9,5.7,10.7
2016,MN,Minnesota,Plymouth,7.3,70576,45.022462874,-93.4616016242,12.1,5.8,20.7,12.7,,,,,,,,,,,,,,,,,,,,,,,30.4,3,1.4,3.5,3.9,5.5
2016,MN,Minnesota,St. Paul,8.4,285068,44.9477402558,-93.1039958305,17.4,11.0,30.8,20.1,1.7,13.0,0.061,1.0,7.8,38.0,366,217,144,4,1,0,0,151,69,46,0,7,95,1,124,139,50.1,7.8,7.4,18.7,9.4,21.6
2016,MS,Mississippi,Gulfport,9.1,67793,30.427377008,-89.0701908439,23.9,20.1,39.3,30.4,,4.0,0.063,0.0,8.1,,366,309,57,0,0,0,0,97,54,39,0,11,196,2,157,0,47.8,11.3,2.5,22.6,19.7,25.5
2016,MS,Mississippi,Jackson,10.0,173514,32.31627222,-90.2124528561,21.7,22.0,44.5,33.3,1.2,6.0,0.063,0.0,8.4,17.0,366,251,115,0,0,0,0,100,60,43,0,0,145,0,221,0,47.6,12.8,5.8,24.2,16.5,30.7
2016,MO,Missouri,Columbia,9.4,108500,38.9481109651,-92.3260129764,18.0,12.5,30.8,22.8,,,0.065,,,,214,198,16,0,0,0,0,97,49,37,0,0,214,0,0,0,55.2,4.2,1.2,10,7.2,23.6
2016,MO,Missouri,Independence,10.2,116830,39.0870794771,-94.3502748237,25.4,16.6,31.4,24.4,,,,,,,,,,,,,,,,,,,,,,,41.1,7.8,2.5,13.7,13.4,17.8
2016,MO,Missouri,Kansas City,10.2,459787,39.1239413971,-94.5541236795,22.0,16.5,33.2,25.1,1.0,13.0,0.069,2.0,9.0,27.0,366,228,131,7,0,0,0,129,70,46,0,19,175,1,158,13,47.0,6.8,3,14.9,14,18.3
2016,MO,Missouri,Lee's Summit,9.1,91364,38.9170508128,-94.3814865856,17.7,10.5,26.8,17.0,,,,,,,,,,,,,,,,,,,,,,,23.8,4.1,1.1,5.1,5,5.9
2016,MO,Missouri,O'Fallon,9.0,79329,38.7852244161,-90.7176856736,18.3,10.9,30.6,20.1,,,,,,,,,,,,,,,,,,,,,,,16.6,3.7,1.1,4.4,5.5,4.6
2016,MO,Missouri,St. Joseph,10.1,76780,39.7598312179,-94.8209246813,27.4,16.6,41.7,30.0,,,0.062,,8.1,,366,292,74,0,0,0,0,100,59,40,0,0,145,0,188,33,41.5,6.8,2.8,18.8,13,20.1
2016,MO,Missouri,St. Louis,11.4,319294,38.6358122615,-90.2451186799,24.7,18.0,37.6,29.5,1.5,12.0,0.076,2.0,10.0,28.0,366,180,167,17,2,0,0,159,81,51,0,11,155,5,189,6,56.4,10.6,3.1,23.9,14.7,26.7
2016,MO,Missouri,Springfield,9.9,159498,37.1942661484,-93.2914273656,25.8,15.8,34.7,28.2,,,0.059,1.0,7.1,14.0,366,313,53,0,0,0,0,71,53,38,0,0,183,0,181,2,58.7,7.2,2.7,14.5,16,25.9
2016,MT,Montana,Billings,9.1,104170,45.7893102609,-108.54882784,19.2,12.4,30.0,20.8,,,,1.0,,,363,347,15,1,0,0,0,124,40,22,0,0,0,48,315,0,36.4,3.6,2.2,9.8,12.4,11.6
2016,MT,Montana,Missoula,9.2,66788,46.8694402455,-114.009863843,18.8,11.2,26.5,17.9,,,0.051,,8.8,16.0,366,166,175,25,0,0,0,139,95,53,0,0,50,0,316,0,54.1,7.4,2.1,14.7,11.3,19.3
2016,NE,Nebraska,Lincoln,8.2,258379,40.8096195695,-96.6806742049,17.3,13.0,29.9,20.5,,,0.058,,7.4,,267,245,22,0,0,0,0,74,49,36,0,0,198,7,62,0,43.9,4.6,3.3,10,9.8,15.5
2016,NE,Nebraska,Omaha,8.5,408958,41.2642309111,-96.0415076441,19.7,16.3,33.8,24.8,1.5,,0.063,1.0,8.0,29.0,366,241,121,4,0,0,0,130,67,44,0,0,141,15,164,46,43.4,5.4,2.1,12.3,12.1,16.3
2016,NV,Nevada,Henderson,8.2,257729,36.0122394916,-115.037392161,16.8,12.6,23.3,20.4,2.2,25.0,0.079,1.0,10.7,28.0,366,125,215,25,0,1,0,268,93,58,0,27,219,0,114,6,35.7,8.6,2.2,6.6,10.1,9.2
2016,NV,Nevada,Las Vegas,8.7,583756,36.2274148438,-115.262670095,19.2,19.6,27.0,26.2,2.2,25.0,0.079,1.0,10.7,28.0,366,125,215,25,0,1,0,268,93,58,0,27,219,0,114,6,47.3,10.6,3.4,14.6,17.9,16.8
2016,NV,Nevada,North Las Vegas,9.1,216961,36.2891993562,-115.088496088,20.0,22.0,28.9,28.9,,,,,,,,,,,,,,,,,,,,,,,45.4,9.6,4.5,16,19,15.8
2016,NV,Nevada,Reno,8.8,225221,39.5540171998,-119.852733516,18.3,16.5,26.2,22.5,1.9,13.0,0.073,0.0,7.0,22.0,366,234,125,7,0,0,0,108,77,46,0,16,280,0,59,11,54.3,7.6,3.9,12.2,15.5,18.4
2016,NV,Nevada,Sparks,8.8,90264,39.573373276,-119.713134168,18.4,16.7,25.9,22.6,,,,,,,,,,,,,,,,,,,,,,,42.0,9.1,2.4,10.6,13.4,12.3
2016,NH,New Hampshire,Manchester,10.9,109565,42.9844541713,-71.4445313287,20.6,13.3,29.8,24.6,0.3,,0.069,0.0,4.2,,366,333,30,3,0,0,0,108,50,37,0,0,355,0,11,0,58.4,6,4.6,14.9,11.8,14.6
2016,NH,New Hampshire,Nashua,10.4,86494,42.7491554459,-71.4909587631,18.2,12.2,28.0,22.5,0.3,,0.069,0.0,4.2,,366,333,30,3,0,0,0,108,50,37,0,0,355,0,11,0,48.5,6,2.7,9.7,9.7,11
2016,NJ,New Jersey,Camden,11.0,77344,39.9361910066,-75.1072961899,25.5,28.1,44.1,48.6,1.9,16.0,0.08,2.0,11.0,39.0,366,122,224,18,2,0,0,154,88,57,0,8,134,3,214,7,62.6,16.5,10.5,43.2,16.5,38.4
2016,NJ,New Jersey,Clifton,8.1,84136,40.8631217425,-74.1575145342,16.2,15.0,27.9,28.8,,,,,,,,,,,,,,,,,,,,,,,42.1,5.4,1.5,10.2,13.2,8.8
2016,NJ,New Jersey,Elizabeth,8.8,124969,40.6664447729,-74.1938679138,19.7,25.9,34.6,41.1,,,,,,,,,,,,,,,,,,,,,,,74.9,10.2,5.1,19.5,25,19
2016,NJ,New Jersey,Jersey City,8.4,247597,40.7188130852,-74.0687740635,16.2,15.3,28.5,34.4,2.5,20.0,0.078,1.0,10.1,17.0,366,155,181,28,2,0,0,161,97,53,0,43,162,0,160,1,73.3,8,4.5,16.2,16.1,19.4
2016,NJ,New Jersey,Newark,10.7,277140,40.7260693449,-74.1752997118,22.1,23.4,36.9,43.1,2.5,20.0,0.078,1.0,10.1,17.0,366,155,181,28,2,0,0,161,97,53,0,43,162,0,160,1,79.1,17.2,10.7,29.3,23,29.1
2016,NJ,New Jersey,Passaic,9.1,69781,40.8574581109,-74.1281123174,21.0,31.3,37.4,44.9,,,,,,,,,,,,,,,,,,,,,,,76.8,7.7,5.4,37.9,25.6,31.9
2016,NJ,New Jersey,Paterson,9.8,146199,40.9146874977,-74.1624181271,21.8,28.0,39.4,44.3,,,,,,,,,,,,,,,,,,,,,,,76.8,8.1,7.3,39.8,21,29.1
2016,NJ,New Jersey,Trenton,10.7,84913,40.2237289981,-74.7639943311,23.1,25.0,39.3,43.4,,,0.074,,8.6,,366,256,97,12,1,0,0,151,64,42,0,0,233,0,133,0,65.0,16,7.7,27.1,21.1,27.6
2016,NJ,New Jersey,Union City,8.3,66455,40.7674606884,-74.032293507,17.9,28.8,34.4,43.4,,,,,,,,,,,,,,,,,,,,,,,77.2,9.1,3.6,26.2,30,24.3
2016,NM,New Mexico,Albuquerque,10.3,545852,35.1055025771,-106.647447696,15.9,12.4,28.0,18.8,1.9,10.0,0.067,1.0,7.6,35.0,366,185,178,3,0,0,0,143,74,50,0,3,239,0,69,55,39.6,7.3,2.6,15.2,12.3,18.9
2016,NM,New Mexico,Las Cruces,10.3,97618,32.326638797,-106.789465579,15.9,13.9,30.1,20.2,,7.0,0.07,,9.7,43.0,366,154,197,12,2,0,0,585,87,54,0,1,221,0,64,80,49.2,9.9,2.7,19.7,12.2,24.4
2016,NM,New Mexico,Rio Rancho,9.7,87521,35.287307935,-106.697981552,15.7,9.7,24.9,16.0,,,,,,,,,,,,,,,,,,,,,,,16.6,7.4,2.4,11.2,7.8,11.7
2016,NM,New Mexico,Santa Fe,9.3,67947,35.6662719601,-105.972662995,14.0,11.9,18.6,15.6,,,0.064,,,,366,301,65,0,0,0,0,90,61,43,0,0,363,0,3,0,38.6,6.9,1.8,11.6,17.5,17
2016,NY,New York,Albany,11.9,97856,42.6663969604,-73.7986826267,20.3,11.1,34.1,26.5,0.8,,0.068,0.0,6.3,,366,310,53,3,0,0,0,119,58,37,0,0,283,0,83,0,64.7,7.5,4.7,21.6,8.2,25.6
2016,NY,New York,Buffalo,12.6,261310,42.9014518233,-78.8475237264,24.4,13.7,37.5,32.9,0.9,11.0,0.074,1.0,6.8,,366,281,79,6,0,0,0,136,61,42,0,22,201,3,140,0,60.6,9.9,6.3,34.4,7,31.2
2016,NY,New York,Mount Vernon,12.4,67292,40.9136008569,-73.8291001676,17.9,13.2,30.4,29.8,,,,,,,,,,,,,,,,,,,,,,,61.8,10.8,4.4,20.2,11.7,16
2016,NY,New York,New Rochelle,10.5,77062,40.9321713141,-73.7843883178,14.6,12.8,24.3,25.2,,,,,,,,,,,,,,,,,,,,,,,51.0,7.5,2.1,9.3,10.6,11.4
2016,NY,New York,New York,10.5,8175133,40.694960689,-73.9313850409,16.2,14.7,25.1,28.2,2.5,20.0,0.078,1.0,10.1,17.0,366,155,181,28,2,0,0,161,97,53,0,43,162,0,160,1,68.0,8.6,4.2,20.4,11,20.3
2016,NY,New York,Rochester,12.5,210565,43.1679802918,-77.6162348882,24.0,15.4,40.3,33.3,0.7,10.0,0.067,1.0,6.3,,366,305,59,2,0,0,0,136,58,38,0,3,247,3,113,0,66.0,13,11.1,34.8,8.5,32.8
2016,NY,New York,Schenectady,12.3,66135,42.8025204414,-73.9275333869,24.0,13.1,32.9,29.1,0.8,,0.068,0.0,6.3,,366,310,53,3,0,0,0,119,58,37,0,0,283,0,83,0,52.4,10,8.7,25.3,8.8,21.1
2016,NY,New York,Syracuse,12.7,145170,43.0409202097,-76.1437679213,24.6,13.8,38.3,31.7,,,0.067,0.0,5.4,,366,334,30,2,0,0,0,122,50,35,0,0,329,0,37,0,60.9,10.7,8.2,30.8,8.6,33.6
2016,NY,New York,Yonkers,10.7,195976,40.9465025597,-73.8636959965,16.3,15.0,25.8,28.8,,,,,,,,,,,,,,,,,,,,,,,53.3,8.6,4.2,16.7,11.1,17
2016,NC,North Carolin,Asheville,8.3,83393,35.5708251391,-82.5537350816,17.1,14.0,27.4,19.2,,,0.067,,8.5,,366,272,83,7,4,0,0,167,64,43,0,0,190,0,176,0,,,,,,
2016,NC,North Carolin,Cary,7.3,135234,35.7814978722,-78.8152191642,11.6,11.1,22.5,14.5,,,,,,,,,,,,,,,,,,,,,,,,,,,,
2016,NC,North Carolin,Charlotte,8.5,731424,35.2078721969,-80.8300754645,16.4,17.0,29.1,19.7,1.0,11.0,0.074,0.0,9.1,18.0,366,227,130,7,2,0,0,156,80,46,0,6,263,0,97,0,,,,,,
2016,NC,North Carolin,Concord,8.5,79066,35.3939316958,-80.6352429349,19.3,17.1,32.7,24.0,1.0,11.0,0.074,0.0,9.1,18.0,366,227,130,7,2,0,0,156,80,46,0,6,263,0,97,0,,,,,,
2016,NC,North Carolin,Durham,8.8,228330,35.9809147402,-78.9059161097,16.3,17.7,31.6,23.2,,,0.063,0.0,9.4,7.0,366,267,97,2,0,0,0,119,59,43,0,0,175,0,191,0,,,,,,
2016,NC,North Carolin,Fayetteville,9.1,200564,35.0851309527,-78.9791676456,18.8,17.5,35.6,24.4,,,0.064,,8.5,11.0,366,286,80,0,0,0,0,93,57,41,0,0,172,8,184,2,,,,,,
2016,NC,North Carolin,Gastonia,9.4,71741,35.2472984431,-81.1836588468,21.8,20.2,33.7,27.2,1.0,11.0,0.074,0.0,9.1,18.0,366,227,130,7,2,0,0,156,80,46,0,6,263,0,97,0,,,,,,
2016,NC,North Carolin,Greensboro,9.0,269666,36.0960480415,-79.8276833061,19.8,17.6,36.5,23.4,,,0.068,,8.4,11.0,366,271,91,4,0,0,0,133,64,42,0,0,177,0,182,7,,,,,,
2016,NC,North Carolin,Greenville,9.4,84554,35.5959211876,-77.3766133673,20.6,16.6,37.9,25.0,,,0.065,,6.9,,288,242,46,0,0,0,0,100,55,38,0,0,162,0,126,0,,,,,,
2016,NC,North Carolin,High Point,9.2,104371,35.9881243803,-79.9932956384,21.8,19.5,36.4,25.7,,,0.068,,8.4,11.0,366,271,91,4,0,0,0,133,64,42,0,0,177,0,182,7,,,,,,
2016,NC,North Carolin,Jacksonville,8.4,70145,34.7331103037,-77.3951822819,20.6,17.4,31.1,24.4,,,,,,,,,,,,,,,,,,,,,,,,,,,,
2016,NC,North Carolin,Raleigh,8.4,403892,35.8322080933,-78.6440243809,15.1,15.1,28.6,18.8,1.5,9.0,0.069,0.0,9.9,12.0,366,231,132,3,0,0,0,135,66,46,0,0,175,0,191,0,,,,,,
2016,NC,North Carolin,Wilmington,8.8,106476,34.2102758569,-77.8872842368,19.8,15.9,30.4,22.9,,,0.06,0.0,6.4,,361,331,30,0,0,0,0,90,49,31,0,0,178,16,167,0,,,,,,
2016,NC,North Carolin,Winston-Salem,9.1,229617,36.1029453039,-80.2609889241,20.3,19.9,37.4,26.2,,7.0,0.07,0.0,8.5,12.0,366,228,135,3,0,0,0,119,67,45,0,5,180,0,181,0,,,,,,
2016,ND,North Dakota,Fargo,8.7,105549,46.8652457832,-96.8289882328,16.8,9.2,34.3,18.8,0.3,4.0,0.054,0.0,5.1,14.0,366,324,42,0,0,0,0,86,52,34,0,1,212,0,133,20,57.3,3.6,3.2,10.4,8.8,14.6
2016,OH,Ohio,Akron,11.0,199110,41.0801444942,-81.5219213688,26.7,12.5,36.5,32.5,1.1,,0.061,0.0,10.2,,366,254,111,1,0,0,0,112,61,44,0,0,129,0,237,0,50.3,11.2,9.5,25.7,12.1,25.4
2016,OH,Ohio,Canton,11.3,73007,40.8080192662,-81.3676594998,28.4,13.4,40.7,35.4,1.4,,0.072,,9.5,,366,267,93,6,0,0,0,119,67,40,2,0,179,0,185,0,50.5,12.9,15.2,31.9,11.1,31.8
2016,OH,Ohio,Cincinnati,10.8,296943,39.1411747124,-84.5060004524,22.7,12.2,37.7,30.4,1.3,21.0,0.076,2.0,11.6,36.0,366,166,182,18,0,0,0,140,80,53,0,22,137,4,200,3,62.0,11.4,5.7,23.2,10.9,29.9
2016,OH,Ohio,Cleveland,11.7,396815,41.4765345821,-81.6805494865,29.5,16.8,39.5,36.1,3.9,11.0,0.077,2.0,10.7,37.0,366,190,152,19,5,0,0,200,90,50,0,10,140,39,171,6,58.2,17.3,6.2,35.8,12.2,36
2016,OH,Ohio,Columbus,10.0,787033,39.9859500484,-82.9851738516,22.2,10.8,33.2,27.2,1.8,12.0,0.072,0.0,8.7,20.0,366,264,92,10,0,0,0,126,71,42,0,41,188,0,136,1,56.0,6.9,3.4,17.4,11.9,21.2
2016,OH,Ohio,Dayton,11.5,141527,39.779768039,-84.1997930517,28.5,14.2,43.5,36.5,0.9,,0.072,0.0,9.1,19.0,366,246,113,7,0,0,0,112,72,44,0,0,238,1,127,0,53.1,13.3,6,30.2,12.9,34.5
2016,OH,Ohio,Parma,9.4,81601,41.3842399838,-81.728599153,23.7,9.4,27.7,23.6,,,,,,,,,,,,,,,,,,,,,,,29.5,7,2.7,11.2,7.7,10.2
2016,OH,Ohio,Toledo,11.1,287208,41.6637399604,-83.5823818449,26.7,13.4,38.3,32.8,,,0.07,1.0,8.9,,366,282,79,5,0,0,0,115,61,40,0,0,185,32,149,0,51.8,12,4.6,26.5,10.4,27.5
2016,OH,Ohio,Youngstown,11.3,66982,41.0993286607,-80.6463187081,30.9,17.5,42.0,41.2,,,0.071,0.0,8.2,16.0,366,239,121,6,0,0,0,143,67,44,0,0,198,0,168,0,41.5,,,,,
2016,OK,Oklahoma,Broken Arrow,9.3,98850,36.0366324911,-95.7809572414,16.6,12.6,26.9,23.9,,,,,,,,,,,,,,,,,,,,,,,25.9,5.4,2,6.3,11,8
2016,OK,Oklahoma,Edmond,9.1,81405,35.6689350516,-97.4159205309,14.2,11.1,27.0,21.0,,,,,,,,,,,,,,,,,,,,,,,31.7,3.5,1.3,5.3,7.9,10
2016,OK,Oklahoma,Lawton,10.1,96867,34.6170564899,-98.4203934803,22.3,18.2,32.3,32.1,,,0.062,,6.8,,366,309,57,0,0,0,0,90,54,40,0,0,284,0,82,0,56.0,9.6,4.1,18.2,16,19
2016,OK,Oklahoma,Norman,9.6,110925,35.2335032647,-97.3470413838,16.8,13.3,32.0,25.4,,,,,,,,,,,,,,,,,,,,,,,44.9,5.4,2.2,9.5,11,17.9
2016,OK,Oklahoma,Oklahoma City,10.1,579999,35.467564288,-97.5137615524,18.8,18.9,32.9,29.7,1.1,17.0,0.068,0.0,7.6,22.0,366,264,99,3,0,0,0,129,66,44,0,26,229,0,109,2,40.8,5.6,3.5,14.6,17.1,17.8
2016,OK,Oklahoma,Tulsa,10.3,391906,36.1284213425,-95.9036195464,19.5,18.1,30.8,30.2,1.6,7.0,0.064,1.0,9.5,19.0,366,233,130,2,1,0,0,164,67,46,0,1,214,0,151,0,50.7,6.9,3.2,16.1,18.4,20.3
2016,OR,Oregon,Beaverton,9.6,89803,45.4795765674,-122.814973469,14.3,10.7,28.6,14.9,,,,,,,,,,,,,,,,,,,,,,,50.4,7.9,3.5,13.9,11.5,13.4
2016,OR,Oregon,Bend,9.7,76639,44.0561827184,-121.308690416,15.1,8.9,25.9,14.0,,,,,,,327,322,5,0,0,0,0,61,37,22,0,0,0,0,327,0,41.7,5.6,1.9,15.1,13.7,12.4
2016,OR,Oregon,Eugene,10.2,156185,44.0559363346,-123.117327584,17.5,10.5,27.1,16.6,,,0.057,,6.7,15.0,366,299,66,1,0,0,0,108,58,34,0,0,141,0,223,2,51.3,8.3,3.3,20.2,10.1,23.1
2016,OR,Oregon,Gresham,10.2,105594,45.5024256798,-122.441469029,20.2,14.0,25.4,18.3,,,,,,,,,,,,,,,,,,,,,,,46.5,8.8,7.1,26.2,12.5,20.4
2016,OR,Oregon,Hillsboro,9.7,91611,45.529027994,-122.937442209,15.2,12.2,29.4,15.8,1.3,13.0,0.064,0.0,5.9,10.0,366,300,64,2,0,0,0,108,59,35,0,14,229,0,123,0,46.9,6.3,3.2,14.8,9.8,12.9
2016,OR,Oregon,Medford,11.1,74907,42.3371987584,-122.853625909,22.2,13.7,28.7,18.2,,,0.049,,7.2,,366,306,60,0,0,0,0,81,55,35,0,0,112,0,254,0,50.3,7.6,4.5,25,12.1,21.4
2016,OR,Oregon,Portland,9.5,583776,45.537180654,-122.650032751,16.0,9.8,22.9,14.6,1.3,13.0,0.064,0.0,5.9,10.0,366,300,64,2,0,0,0,108,59,35,0,14,229,0,123,0,48.0,7.5,4.1,19.2,10.2,16.9
2016,OR,Oregon,Salem,10.4,154637,44.923273154,-123.0248671,18.7,13.9,34.5,19.2,,,0.065,,,,361,325,36,0,0,0,0,97,50,30,0,0,147,0,214,0,45.4,9,7,24,11.7,17.2
2016,PA,Pennsylvania,Allentown,10.7,118032,40.596099618,-75.4755373968,21.9,18.9,37.8,32.0,,11.0,0.075,1.0,10.5,12.0,366,174,181,10,0,1,0,217,75,51,0,6,128,1,231,0,57.5,,,,,
2016,PA,Pennsylvania,Bethlehem,10.1,74982,40.6266402578,-75.3679048175,19.3,12.6,33.4,27.1,,11.0,0.075,1.0,10.5,12.0,366,174,181,10,0,1,0,217,75,51,0,6,128,1,231,0,48.9,6.7,8.2,18.7,9.6,17
2016,PA,Pennsylvania,Erie,11.2,101786,42.1164698754,-80.0730358517,24.5,12.3,39.7,28.7,0.6,5.0,0.067,,7.7,10.0,366,295,69,2,0,0,0,129,56,39,0,3,238,0,125,0,48.3,9.3,6.3,27.9,8.9,26.4
2016,PA,Pennsylvania,Philadelphia,11.6,1526006,40.0093147808,-75.1333888571,22.8,13.9,30.3,27.7,1.9,16.0,0.08,2.0,11.0,39.0,366,122,224,18,2,0,0,154,88,57,0,8,134,3,214,7,47.9,12.5,7.7,25.3,12,25.9
2016,PA,Pennsylvania,Pittsburgh,10.6,305704,40.4396297486,-79.9762614995,20.9,9.2,32.3,23.2,2.6,11.0,0.073,4.0,10.6,23.0,366,116,220,29,1,0,0,152,94,58,0,1,112,18,235,0,52.8,7.7,4.3,17.3,7.8,22.3
2016,PA,Pennsylvania,Reading,11.7,88082,40.3399678686,-75.9266128837,24.4,25.1,42.5,39.8,,,0.075,0.0,11.4,,366,222,137,7,0,0,0,129,68,46,0,0,158,0,208,0,59.2,18.8,7.4,44.3,16.9,39.3
2016,PA,Pennsylvania,Scranton,10.7,76089,41.4043729362,-75.6649126898,22.7,11.8,32.8,28.0,0.9,10.0,0.071,1.0,8.2,13.0,366,290,72,4,0,0,0,129,64,41,0,4,250,0,112,0,52.0,7.8,5.5,22.9,9.4,23.1
2016,RI,Rhode Island,Cranston,11.3,80387,41.7658017135,-71.4861485002,17.2,9.4,26.1,24.9,,,,,,,,,,,,,,,,,,,,,,,31.0,7.8,2.8,10.4,6.8,10.3
2016,RI,Rhode Island,Pawtucket,12.9,71148,41.8744534517,-71.3743580803,21.0,13.3,30.7,31.2,,,,,,,,,,,,,,,,,,,,,,,57.5,11.6,3.4,26,11.8,19.9
2016,RI,Rhode Island,Providence,12.4,178042,41.823480533,-71.4218129335,19.2,16.5,32.3,34.0,1.8,20.0,0.076,1.0,9.3,15.0,366,265,95,5,1,0,0,151,65,44,0,40,191,0,135,0,66.9,11,6.1,32.1,14.1,28.2
2016,RI,Rhode Island,Warwick,11.4,82672,41.7064727301,-71.4345615049,19.6,7.5,28.4,21.1,1.8,20.0,0.076,1.0,9.3,15.0,366,265,95,5,1,0,0,151,65,44,0,40,191,0,135,0,33.5,7,2.8,11.5,5.6,6.9
2016,SC,South Carolin,Charleston,8.8,120083,32.8136961892,-79.967381899,15.9,12.3,29.1,20.8,,,0.058,0.0,,16.0,360,310,45,3,2,0,0,158,53,37,0,4,182,0,172,2,,,,,,
2016,SC,South Carolin,Columbia,9.4,129272,34.0366069566,-80.9037852694,18.8,17.5,35.2,28.3,0.9,,0.07,0.0,8.1,15.0,366,254,107,3,2,0,0,168,61,44,0,1,204,0,161,0,,,,,,
2016,SC,South Carolin,Mount Pleasant,7.8,67843,32.8538274584,-79.8230343029,13.0,9.1,24.0,16.1,,,,,,,,,,,,,,,,,,,,,,,,,,,,
2016,SC,South Carolin,North Charleston,10.1,97471,32.9100915071,-80.0738525014,21.7,20.9,36.1,30.3,,,0.058,0.0,,16.0,360,310,45,3,2,0,0,158,53,37,0,4,182,0,172,2,,,,,,
2016,SC,South Carolin,Rock Hill,9.7,66154,34.9403611496,-81.0249178286,20.7,17.1,35.2,30.9,,,,,,,,,,,,,,,,,,,,,,,,,,,,
2016,SD,South Dakota,Rapid City,8.3,67956,44.0705009564,-103.218361421,20.0,11.8,28.7,19.6,,7.0,0.06,0.0,6.2,31.0,366,289,76,1,0,0,0,101,59,43,0,6,246,0,40,74,38.1,5.3,2.4,12.8,11.7,16.4
2016,SD,South Dakota,Sioux Falls,7.9,153888,43.5388067537,-96.7313495858,18.7,11.3,31.9,18.9,0.7,4.0,0.066,0.0,6.6,18.0,366,312,52,2,0,0,0,105,55,38,0,2,271,0,87,6,39.2,3.7,2.8,10.7,9,11.7
2016,TN,Tennessee,Chattanooga,10.7,167674,35.0662472165,-85.2466771892,24.1,16.6,34.4,29.2,,,0.069,,9.2,,359,227,127,2,3,0,0,177,67,47,0,0,200,0,159,0,45.1,8.7,4.1,19.7,12.5,21.1
2016,TN,Tennessee,Clarksville,10.3,132929,36.569683159,-87.3432371614,22.1,14.9,37.8,28.1,,,0.063,,8.3,,364,297,67,0,0,0,0,90,58,40,0,0,249,6,109,0,45.1,8.8,3,14.2,10.7,16.6
2016,TN,Tennessee,Knoxville,10.8,178874,35.9690594531,-83.9495877264,24.5,15.4,34.0,27.7,1.2,1.0,0.073,1.0,11.5,,366,197,155,11,3,0,0,169,84,49,0,0,253,1,101,11,55.2,7.5,3.7,20.1,12.4,26.5
2016,TN,Tennessee,Memphis,11.6,646889,35.1046295042,-89.978906085,24.5,19.9,41.0,32.1,1.2,10.0,0.071,,8.4,19.0,366,261,97,7,1,0,0,159,67,44,0,11,241,0,114,0,56.1,11.3,2.8,24.8,16.4,27.6
2016,TN,Tennessee,Murfreesboro,9.9,108755,35.850778195,-86.408628238,21.2,13.4,31.3,25.5,1.5,16.0,0.068,0.0,9.3,18.0,366,235,125,5,0,1,0,217,64,45,0,41,157,0,168,0,46.1,6.7,2.3,11.9,11.2,16
2016,TN,Tennessee,Nashville,10.4,601222,36.1712229904,-86.7845944773,21.5,15.4,32.2,26.8,1.5,16.0,0.068,0.0,9.3,18.0,366,235,125,5,0,1,0,217,64,45,0,41,157,0,168,0,,,,,,
2016,TX,Texas,Abilene,9.2,117063,32.4546510898,-99.7383043723,21.4,22.6,36.0,28.7,,,,,,,,,,,,,,,,,,,,,,,47.3,5.7,2,14.2,16.4,19.4
2016,TX,Texas,Allen,7.9,84246,33.1087043234,-96.6735373763,12.7,12.6,25.9,19.7,,,,,,,,,,,,,,,,,,,,,,,24.9,4.3,1.2,4.3,9.8,5.1
2016,TX,Texas,Amarillo,9.2,190695,35.2003835544,-101.828292514,19.3,23.1,33.8,27.8,,,0.064,0.0,,,366,321,44,1,0,0,0,112,54,41,0,0,329,5,32,0,40.0,4.3,1.3,13,18.4,16.7
2016,TX,Texas,Arlington,9.3,365438,32.699836862,-97.125089612,18.1,22.0,31.9,28.9,1.1,12.0,0.076,0.0,8.5,23.0,366,217,131,17,1,0,0,174,80,48,0,12,242,0,111,1,44.5,6.4,1.7,13.3,20.4,16.6
2016,TX,Texas,Austin,8.2,790390,30.3068610342,-97.7554771245,14.1,19.7,26.1,21.5,0.6,14.0,0.064,0.0,,23.0,366,280,85,1,0,0,0,105,60,42,0,18,225,0,122,1,55.1,5,1.4,9.3,16.8,16.7
2016,TX,Texas,Baytown,9.0,71802,29.7571153043,-94.9676276217,17.4,27.5,32.8,29.8,,,,,,,,,,,,,,,,,,,,,,,47.2,,,,,
2016,TX,Texas,Beaumont,9.9,118296,30.084416647,-94.1441072222,20.2,22.6,39.9,30.4,0.4,5.0,0.069,1.0,,,366,263,90,12,1,0,0,160,71,43,0,0,221,40,105,0,48.5,6.8,0.7,17.6,21.5,20.8
2016,TX,Texas,Brownsville,8.7,175023,25.9981977861,-97.4566343763,17.4,41.4,44.4,39.2,0.7,,0.055,,9.6,,366,277,87,2,0,0,0,110,63,40,0,0,172,0,194,0,36.1,9.4,2.8,29,33.4,32.8
2016,TX,Texas,Bryan,9.4,76201,30.6665687582,-96.3663819223,19.0,26.2,35.0,27.4,,,,,,,73,73,0,0,0,0,0,20,4,1,0,0,0,73,0,0,50.3,6.2,1.3,14.5,20.8,24.4
2016,TX,Texas,Carrollton,8.1,119097,32.988438459,-96.900137433,15.3,20.5,29.8,24.2,,,,,,,,,,,,,,,,,,,,,,,41.6,4.5,1,5.4,19.6,10.3
2016,TX,Texas,College Station,8.4,93857,30.5867615801,-96.2957958614,15.0,15.7,29.4,20.8,,,,,,,73,73,0,0,0,0,0,20,4,1,0,0,0,73,0,0,65.7,5.9,1.1,5.1,9.7,33.1
2016,TX,Texas,Corpus Christi,8.5,305215,27.7291588337,-97.4019095379,16.7,28.0,37.5,30.0,,,0.062,1.0,9.1,20.0,366,307,59,0,0,0,0,93,57,37,0,0,265,0,101,0,43.6,5.9,1.6,16,18.4,16.6
2016,TX,Texas,Dallas,9.3,1197816,32.7939804066,-96.7656929463,17.7,28.1,35.6,30.7,1.1,12.0,0.076,0.0,8.5,23.0,366,217,131,17,1,0,0,174,80,48,0,12,242,0,111,1,59.2,6.8,1.5,16.1,25.9,22.9
2016,TX,Texas,Denton,8.7,113383,33.2156160443,-97.1412438684,17.8,18.7,33.8,23.8,,,,,,,,,,,,,,,,,,,,,,,55.1,7.9,1.4,10,17.9,19.5
2016,TX,Texas,Edinburg,7.6,77100,26.3155843974,-98.1637130371,14.0,35.5,32.4,28.8,,,0.052,,10.4,27.0,366,289,76,1,0,0,0,114,61,36,0,0,182,0,181,3,42.6,7.3,2.5,23.7,25.7,26.6
2016,TX,Texas,El Paso,8.1,649121,31.8481123506,-106.432021874,15.6,32.7,34.9,29.6,2.4,15.0,0.071,1.0,9.6,27.0,366,198,162,6,0,0,0,147,74,49,0,31,195,0,139,1,42.1,7.7,2.9,21.8,22.3,21
2016,TX,Texas,Fort Worth,9.5,741206,32.780192804,-97.3470323225,18.8,24.5,33.7,31.1,1.1,12.0,0.076,0.0,8.5,23.0,366,217,131,17,1,0,0,174,80,48,0,12,242,0,111,1,42.9,6.4,1.9,15.4,20.7,18
2016,TX,Texas,Frisco,7.7,116989,33.1507545152,-96.8201336312,11.8,11.7,25.9,17.6,,,,,,,,,,,,,,,,,,,,,,,25.1,3.9,0.7,2.4,7.5,3.8
2016,TX,Texas,Garland,9.0,226876,32.9100799867,-96.6304258603,17.9,26.6,32.4,29.8,,,,,,,,,,,,,,,,,,,,,,,41.0,7.8,1.8,14.3,24.8,15.9
2016,TX,Texas,Grand Prairie,8.9,175396,32.6867650238,-97.0209311916,16.9,25.6,32.8,29.2,,,,,,,,,,,,,,,,,,,,,,,38.0,6.7,1.9,13.4,20.7,13.8
2016,TX,Texas,Houston,8.8,2099451,29.7806691396,-95.3860033966,16.0,28.2,32.9,30.4,1.6,14.0,0.079,1.0,9.7,30.0,366,164,179,22,1,0,0,159,92,52,0,27,189,0,145,5,56.9,7.4,1.6,15.1,25.3,21.9
2016,TX,Texas,Irving,8.5,216290,32.8583808131,-96.9703058323,15.9,24.8,31.0,28.3,,,,,,,,,,,,,,,,,,,,,,,61.7,5.9,3.7,11.6,23.3,15
2016,TX,Texas,Killeen,9.5,127921,31.0757648143,-97.7285651299,19.4,21.0,37.4,29.3,,,0.066,,,,365,331,34,0,0,0,0,100,50,38,0,0,365,0,0,0,56.9,11.2,1.5,14.6,12.7,14.2
2016,TX,Texas,Laredo,8.6,236091,27.5482572475,-99.4867797312,16.9,41.0,41.4,39.5,1.6,,0.05,,,20.0,366,285,81,0,0,0,0,96,60,37,0,0,113,0,252,1,37.1,5.7,1.8,30.2,30,31.3
2016,TX,Texas,League City,8.1,83560,29.4872995808,-95.1089858945,14.3,13.7,30.2,20.5,,,,,,,,,,,,,,,,,,,,,,,27.7,4.1,0.3,3.9,8.6,5.3
2016,TX,Texas,Lewisville,8.5,95290,33.0451992429,-96.9829273031,16.8,19.6,32.4,23.9,,,,,,,,,,,,,,,,,,,,,,,55.7,4.9,1,8.9,19.5,10.8
2016,TX,Texas,Longview,9.7,80455,32.5192857856,-94.762197598,20.3,22.6,37.0,28.8,,4.0,0.065,1.0,,,366,333,33,0,0,0,0,100,50,37,0,1,359,6,0,0,47.7,6.7,1.7,16.4,20.9,18.6
2016,TX,Texas,Lubbock,9.1,229573,33.5666251178,-101.886335663,18.3,22.6,37.6,28.9,,,,,,,119,118,1,0,0,0,0,54,33,21,0,0,0,0,119,0,48.0,5.4,1.6,13.7,15.8,20.9
2016,TX,Texas,McAllen,7.7,129877,26.2186289942,-98.2451704536,13.8,34.4,31.6,28.2,,,0.052,,10.4,27.0,366,289,76,1,0,0,0,114,61,36,0,0,182,0,181,3,40.2,7.8,1.5,23.2,29.3,25.7
2016,TX,Texas,McKinney,8.3,131117,33.1988886952,-96.6677029773,14.3,15.8,28.7,22.1,,,,,,,,,,,,,,,,,,,,,,,31.7,3.5,0.7,3.2,11.8,6.9
2016,TX,Texas,Mesquite,9.5,139824,32.7641310166,-96.5927445114,18.8,24.6,34.1,29.3,,,,,,,,,,,,,,,,,,,,,,,43.0,6.7,1.9,15.3,22.5,15.8
2016,TX,Texas,Midland,8.6,111147,32.0285948356,-102.109700973,16.3,21.9,33.2,25.5,,,,,,,,,,,,,,,,,,,,,,,41.2,4,1.2,7.9,19.6,8.4
2016,TX,Texas,Mission,7.8,77058,26.2033406464,-98.322770513,14.3,36.5,31.6,28.6,,,0.052,,10.4,27.0,366,289,76,1,0,0,0,114,61,36,0,0,182,0,181,3,39.9,9.7,1.2,21.5,28.8,24
2016,TX,Texas,Missouri City,8.4,67358,29.563674661,-95.5382066661,13.4,16.7,30.8,21.8,,,,,,,,,,,,,,,,,,,,,,,19.3,8.5,1.1,8.4,10.9,5.3
2016,TX,Texas,Odessa,8.8,99940,31.879456461,-102.344465435,17.8,27.0,35.3,32.1,,,,,,,365,336,28,1,0,0,0,102,49,27,0,0,0,0,365,0,39.4,5.6,1.9,11.7,20.9,11.8
2016,TX,Texas,Pasadena,8.5,149043,29.6589511488,-95.1509173148,16.9,32.8,32.5,32.1,,,,,,,,,,,,,,,,,,,,,,,50.8,9.7,1.2,16.9,27.5,19.6
2016,TX,Texas,Pearland,7.9,91252,29.5584850577,-95.3208389111,13.1,15.2,27.5,20.0,,,,,,,,,,,,,,,,,,,,,,,22.5,4.5,0.3,3.7,7.9,4.5
2016,TX,Texas,Pharr,8.3,70400,26.168815399,-98.1904720704,16.5,43.3,35.2,34.1,,,,,,,,,,,,,,,,,,,,,,,43.0,7.3,2.1,36,32.7,31.1
2016,TX,Texas,Plano,7.7,259841,33.0502149278,-96.7486409797,12.4,14.0,25.6,20.4,,,,,,,,,,,,,,,,,,,,,,,38.3,4.8,0.8,3.8,12.4,7.5
2016,TX,Texas,Richardson,7.9,99223,32.9716582389,-96.7093052991,12.9,15.1,26.2,20.7,,,,,,,,,,,,,,,,,,,,,,,42.8,5.6,0.8,4.9,14.4,10.4
2016,TX,Texas,Round Rock,8.4,99887,30.5239578235,-97.6669801882,14.8,17.8,32.4,22.5,0.6,14.0,0.064,0.0,,23.0,366,280,85,1,0,0,0,105,60,42,0,18,225,0,122,1,40.9,6.3,1.2,8.4,12.1,9.6
2016,TX,Texas,San Angelo,8.7,93200,31.440468746,-100.452243142,18.3,23.8,32.5,27.5,,,,,,,,,,,,,,,,,,,,,,,42.7,4.2,2,12.1,17.3,14.7
2016,TX,Texas,San Antonio,8.4,1327407,29.4721475333,-98.5246763525,15.6,29.0,38.4,30.7,0.7,8.0,0.071,1.0,7.9,20.0,366,268,92,5,1,0,0,160,64,43,0,7,222,0,137,0,46.4,7.1,1.8,16.1,18.2,19.5
2016,TX,Texas,Sugar Land,7.0,78817,29.5974680902,-95.627455775,11.5,13.4,23.3,19.2,1.6,14.0,0.079,1.0,9.7,30.0,366,164,179,22,1,0,0,159,92,52,0,27,189,0,145,5,19.1,5,0.7,2,10.1,5.1
2016,TX,Texas,Tyler,9.6,96900,32.3154021183,-95.3050093799,19.3,22.4,39.5,28.1,,2.0,0.063,,,,366,344,21,1,0,0,0,101,48,37,0,5,361,0,0,0,49.9,6.9,1.5,12,19.2,20.3
2016,TX,Texas,Waco,9.9,124805,31.5597607137,-97.1883333282,20.8,26.2,39.7,32.2,0.3,3.0,0.06,0.0,,,365,339,26,0,0,0,0,74,47,35,0,3,324,0,38,0,53.7,6.5,1.3,16.8,18.2,27.5
2016,TX,Texas,Wichita Falls,9.1,104553,33.9072739838,-98.5292981697,22.0,20.8,32.1,29.6,,,,,,,,,,,,,,,,,,,,,,,47.8,5.3,1.7,15.4,16.8,20.6
2016,UT,Utah,Layton,8.6,67311,41.077181614,-111.961589302,9.1,11.9,28.9,18.9,,,,,,,,,,,,,,,,,,,,,,,32.8,3.8,3.3,8.9,9.3,9.6
2016,UT,Utah,Ogden,9.5,82825,41.2281567535,-111.967450557,13.7,19.3,37.5,27.3,1.6,15.0,0.076,,9.2,20.0,366,216,126,24,0,0,0,143,90,48,0,38,236,0,92,0,42.1,7.1,2.5,18.3,19.5,21.4
2016,UT,Utah,Orem,8.7,88328,40.2987127625,-111.699188517,8.5,13.3,27.7,15.7,1.3,15.0,0.072,,8.3,20.0,366,223,124,17,2,0,0,166,87,47,0,61,226,0,75,4,41.5,5.8,1.9,10,14.5,16
2016,UT,Utah,Provo,8.9,112488,40.2457185288,-111.645715857,9.1,14.6,29.3,16.9,1.3,15.0,0.072,,8.3,20.0,366,223,124,17,2,0,0,166,87,47,0,61,226,0,75,4,63.4,5.8,1.7,9.7,12.9,27.2
2016,UT,Utah,St. George,8.8,72897,37.0787444634,-113.579352503,10.3,13.6,25.4,17.5,,,0.064,,3.9,13.0,366,286,80,0,0,0,0,87,61,43,0,1,353,0,12,0,35.3,5.4,2.3,9,15,15.6
2016,UT,Utah,Salt Lake City,8.9,186440,40.7778489465,-111.931220784,10.6,15.2,27.1,17.9,1.3,7.0,0.076,,9.4,19.0,366,183,155,23,5,0,0,166,91,51,0,29,258,0,77,2,52.8,5.5,1.7,10.1,16.6,19.1
2016,UT,Utah,Sandy,8.6,87461,40.5702254423,-111.852431062,9.5,10.1,23.9,13.9,,,,,,,,,,,,,,,,,,,,,,,15.9,3.7,1.3,4.9,8,6.1
2016,UT,Utah,West Jordan,8.9,103712,40.6022598635,-112.000961848,11.0,13.4,26.0,16.7,,,,,,,,,,,,,,,,,,,,,,,26.9,5.2,1.9,7.7,10.9,7.9
2016,UT,Utah,West Valley City,9.5,129480,40.6887696962,-112.011667394,13.4,20.6,29.5,22.8,,,,,,,,,,,,,,,,,,,,,,,31.4,6.8,2.2,14.1,22.5,16.3
2016,VT,Vermont,Burlington,10.6,42417,44.4876245694,-73.2314828365,16.2,8.4,25.5,18.1,0.7,6.0,0.06,0.0,5.5,,366,349,17,0,0,0,0,80,45,35,0,1,308,0,57,0,,6.9,6.3,16.1,4.6,25.1
2016,VA,Virginia,Alexandria,8.1,139966,38.8187351557,-77.0867762661,12.4,11.7,24.9,17.6,2.3,18.0,0.076,1.0,8.6,17.0,366,176,174,16,0,0,0,133,84,51,0,25,173,0,168,0,60.3,4,1.5,5,14.3,9.8
2016,VA,Virginia,Chesapeake,8.9,222209,36.6777521118,-76.3024325925,16.9,12.6,32.2,22.5,,,,,,,,,,,,,,,,,,,,,,,29.3,6.3,2.1,8.2,8.3,9.5
2016,VA,Virginia,Hampton,9.7,137436,37.0533009025,-76.3665945624,19.6,14.9,35.9,24.5,,,,,,,,,,,,,,,,,,,,,,,43.2,8.9,2.9,13.3,11.7,15.6
2016,VA,Virginia,Lynchburg,9.6,75568,37.4004163016,-79.1911081,20.5,14.7,33.0,25.7,,,,,6.8,,120,115,5,0,0,0,0,60,44,28,0,0,0,0,120,0,51.1,7.2,2.6,16,11.5,24.3
2016,VA,Virginia,Newport News,9.7,180719,37.1051141309,-76.5182644502,19.7,15.3,34.5,24.1,0.7,7.0,0.068,0.0,6.7,13.0,366,315,48,3,0,0,0,133,52,37,0,31,182,4,149,0,50.6,8.3,2.9,14.9,12.4,16.1
2016,VA,Virginia,Norfolk,9.6,242803,36.8932863006,-76.2567157761,20.4,15.4,35.2,24.5,0.7,7.0,0.068,0.0,6.7,13.0,366,315,48,3,0,0,0,133,52,37,0,31,182,4,149,0,59.0,9.7,2.6,17.2,14.6,21
2016,VA,Virginia,Portsmouth,10.2,95535,36.8451450228,-76.3552763467,22.6,16.2,37.1,27.8,,,,,,,,,,,,,,,,,,,,,,,46.8,10.9,3.8,17,12.5,18.2
2016,VA,Virginia,Richmond,10.0,204214,37.5293933083,-77.475568168,20.5,16.7,34.8,27.6,1.2,12.0,0.066,0.0,8.5,13.0,366,263,99,4,0,0,0,129,64,43,0,11,214,1,140,0,58.7,9.1,3,17,15.7,25.4
2016,VA,Virginia,Roanoke,9.9,97032,37.2782181855,-79.9581615989,21.9,16.5,33.9,26.8,0.7,6.0,0.064,0.0,7.6,,365,314,51,0,0,0,0,100,53,36,0,29,164,0,172,0,47.1,7.4,3.5,18.5,15,22.2
2016,VA,Virginia,Suffolk,9.5,84585,36.6930367981,-76.6414278469,18.9,14.0,32.8,24.0,,,,,,,,,,,,,,,,,,,,,,,33.7,7.3,5.6,13.6,9.1,11.5
2016,VA,Virginia,Virginia Beach,8.4,437994,36.7534593339,-76.0589579522,16.9,12.0,27.7,20.9,0.7,7.0,0.068,0.0,6.7,13.0,366,315,48,3,0,0,0,133,52,37,0,31,182,4,149,0,37.8,5.8,1.8,6.9,9.4,8.2
2016,WA,Washington,Auburn,10.0,70180,47.3038544325,-122.210810557,16.0,12.4,27.7,18.6,,,,,,,,,,,,,,,,,,,,,,,40.9,7.4,4.8,18.7,11.7,14.5
2016,WA,Washington,Bellevue,7.9,122363,47.5962437606,-122.153569982,8.7,7.2,19.6,12.0,1.4,21.0,0.061,,7.9,,366,279,84,2,1,0,0,155,63,42,0,65,171,0,130,0,42.4,5,2.1,5.5,7.4,7.5
2016,WA,Washington,Bellingham,10.1,80885,48.7535370315,-122.468092906,15.8,9.9,30.2,16.1,,,0.045,,,,349,342,7,0,0,0,0,59,39,25,0,0,145,0,204,0,59.4,7.9,2.8,16,8.5,22.2
2016,WA,Washington,Everett,10.1,103019,47.9497966189,-122.160703911,17.9,12.4,31.8,20.2,,,,,,,,,,,,,,,,,,,,,,,56.9,7.7,5.8,21.5,12.8,17.6
2016,WA,Washington,Federal Way,9.7,89306,47.3090846316,-122.335755583,14.5,12.8,26.7,18.4,,,,,,,,,,,,,,,,,,,,,,,44.6,6.8,5.1,19.7,12.5,13.5
2016,WA,Washington,Kennewick,10.6,73917,46.198438428,-119.173245847,18.2,14.6,34.9,20.3,,,0.068,,,15.0,366,325,39,2,0,0,0,122,51,31,0,0,127,0,216,23,35.4,6.9,4,19.9,12.4,17.6
2016,WA,Washington,Kent,9.9,92411,47.3849636272,-122.217890194,15.5,13.9,27.4,19.6,,,,,,,,,,,,,,,,,,,,,,,47.2,6.8,4.2,19.5,12.8,15.2
2016,WA,Washington,Renton,9.1,90927,47.4760546752,-122.191153327,12.6,10.9,24.2,16.5,,,,,,,,,,,,,,,,,,,,,,,47.8,5.3,3.2,12.6,11.5,11.9
2016,WA,Washington,Seattle,8.9,608660,47.622154338,-122.323532482,10.4,8.0,23.1,13.4,1.4,21.0,0.061,,7.9,,366,279,84,2,1,0,0,155,63,42,0,65,171,0,130,0,53.9,5.1,2.8,9.6,7.2,13
2016,WA,Washington,Spokane,11.0,208916,47.6736243259,-117.415973291,19.7,10.7,31.4,19.9,1.8,,0.056,,,18.0,366,261,103,2,0,0,0,110,62,41,0,0,127,0,232,7,44.6,7.6,5.7,23.5,9.7,19.7
2016,WA,Washington,Spokane Valley,10.7,89755,47.662556574,-117.234571922,19.0,9.9,30.3,18.6,1.8,,0.056,,,18.0,366,261,103,2,0,0,0,110,62,41,0,0,127,0,232,7,42.0,6.8,5.6,17.8,11,14.5
2016,WA,Washington,Tacoma,10.5,198397,47.2425411445,-122.45447391,18.0,12.1,32.9,20.5,1.4,21.0,0.061,,7.9,,366,279,84,2,1,0,0,155,63,42,0,65,171,0,130,0,50.9,8,5.1,20.4,12.5,17.9
2016,WA,Washington,Vancouver,10.2,161791,45.6357172365,-122.598539476,17.5,11.0,31.2,18.7,1.3,13.0,0.064,0.0,5.9,10.0,366,300,64,2,0,0,0,108,59,35,0,14,229,0,123,0,45.5,8.1,4.8,19.5,12.2,13.5
2016,WA,Washington,Yakima,10.6,91067,46.5925792092,-120.547807614,19.2,20.8,34.8,24.8,,,,,8.6,16.0,366,257,97,8,4,0,0,186,71,33,0,0,0,0,362,4,46.1,10,5.2,26.6,18.1,22.9
2016,WV,West Virginia,Charleston,10.9,51400,38.3484079736,-81.632165003,22.7,9.3,37.2,24.3,0.8,,0.069,,8.0,,350,295,53,2,0,0,0,119,55,37,34,0,160,20,136,0,,6.9,3.5,17.1,9.6,20
2016,WI,Wisconsin,Appleton,8.9,72623,44.2776987457,-88.3897664444,17.8,10.4,30.3,19.1,,,0.066,,6.7,,349,300,47,2,0,0,0,108,55,33,0,0,177,0,172,0,35.4,4,2.8,11,6.7,12.1
2016,WI,Wisconsin,Green Bay,9.5,104057,44.5149847816,-87.9896195955,20.7,13.7,34.7,23.8,,,0.072,1.0,6.9,,366,305,56,5,0,0,0,136,58,35,0,0,169,0,197,0,44.6,6.2,2.5,18.4,9.6,18.3
2016,WI,Wisconsin,Kenosha,9.5,99218,42.585570271,-87.8735745085,20.6,14.0,32.8,22.8,,,,,,,,,,,,,,,,,,,,,,,48.0,9.6,2.5,21.2,9.9,19.3
2016,WI,Wisconsin,Madison,8.6,233209,43.0809865694,-89.3915106344,14.1,9.4,27.6,16.2,,,0.07,0.0,8.1,14.0,366,298,65,3,0,0,0,108,60,38,0,0,165,5,194,2,51.7,4.8,1.4,9.6,5.7,18.6
2016,WI,Wisconsin,Milwaukee,11.0,594833,43.0641258925,-87.9672412429,22.2,17.8,38.5,28.8,0.8,14.0,0.079,1.0,8.3,17.0,366,254,103,8,1,0,0,185,67,42,0,18,195,0,152,1,59.2,10.3,4,30.4,12.1,28.4
2016,WI,Wisconsin,Racine,10.1,78860,42.7274599494,-87.813453024,21.3,16.7,37.8,25.5,,,0.076,,,,197,153,35,8,1,0,0,169,77,42,0,0,197,0,0,0,51.4,10.9,9.9,28,12.2,21.9
2016,WI,Wisconsin,Waukesha,8.6,70718,43.0093332215,-88.2457679157,16.9,10.7,29.2,18.4,0.8,14.0,0.079,1.0,8.3,17.0,366,254,103,8,1,0,0,185,67,42,0,18,195,0,152,1,42.1,4.5,1.9,11.5,6.3,11
2016,WY,Wyoming,Cheyenne,8.6,59466,41.1460804265,-104.789064332,19.9,15.3,29.4,23.4,0.2,4.0,0.061,0.0,4.5,12.0,366,315,51,0,0,0,0,87,54,43,0,5,339,2,20,0,,6.4,1.6,8.1,10.1,11.1
